keyword,그룹축,adgroup_name,keyword_id,status,bid,권고,축구분
E편한세상번영로리더스포레,B_입주예정 ↔ 부울경_D_입주예정,B_입주예정,nkw-a001-01-000008540646626,PAUSED,80,OFF 권고(전국측),지시서 축
E편한세상번영로리더스포레,B_입주예정 ↔ 부울경_D_입주예정,부울경_D_입주예정,nkw-a001-01-000008542821357,ELIGIBLE,110,생존(부울경 우선),지시서 축
E편한세상번영로리더스포레분양권,B_입주예정 ↔ 부울경_D_입주예정,B_입주예정,nkw-a001-01-000008540646627,PAUSED,80,OFF 권고(전국측),지시서 축
E편한세상번영로리더스포레분양권,B_입주예정 ↔ 부울경_D_입주예정,부울경_D_입주예정,nkw-a001-01-000008542821358,ELIGIBLE,110,생존(부울경 우선),지시서 축
E편한세상번영로리더스포레시세,B_입주예정 ↔ 부울경_D_입주예정,B_입주예정,nkw-a001-01-000008540646629,PAUSED,80,OFF 권고(전국측),지시서 축
E편한세상번영로리더스포레시세,B_입주예정 ↔ 부울경_D_입주예정,부울경_D_입주예정,nkw-a001-01-000008542821360,ELIGIBLE,110,생존(부울경 우선),지시서 축
E편한세상번영로리더스포레실거래가,B_입주예정 ↔ 부울경_D_입주예정,B_입주예정,nkw-a001-01-000008540646630,PAUSED,80,OFF 권고(전국측),지시서 축
E편한세상번영로리더스포레실거래가,B_입주예정 ↔ 부울경_D_입주예정,부울경_D_입주예정,nkw-a001-01-000008542821361,ELIGIBLE,110,생존(부울경 우선),지시서 축
E편한세상번영로리더스포레입주,B_입주예정 ↔ 부울경_D_입주예정,B_입주예정,nkw-a001-01-000008540646628,PAUSED,80,OFF 권고(전국측),지시서 축
E편한세상번영로리더스포레입주,B_입주예정 ↔ 부울경_D_입주예정,부울경_D_입주예정,nkw-a001-01-000008542821359,ELIGIBLE,110,생존(부울경 우선),지시서 축
E편한세상번영로리더스포레입주일,B_입주예정 ↔ 부울경_D_입주예정,B_입주예정,nkw-a001-01-000008540646633,PAUSED,80,OFF 권고(전국측),지시서 축
E편한세상번영로리더스포레입주일,B_입주예정 ↔ 부울경_D_입주예정,부울경_D_입주예정,nkw-a001-01-000008542821364,ELIGIBLE,110,생존(부울경 우선),지시서 축
E편한세상번영로리더스포레평면도,B_입주예정 ↔ 부울경_D_입주예정,B_입주예정,nkw-a001-01-000008540646631,PAUSED,80,OFF 권고(전국측),지시서 축
E편한세상번영로리더스포레평면도,B_입주예정 ↔ 부울경_D_입주예정,부울경_D_입주예정,nkw-a001-01-000008542821362,ELIGIBLE,110,생존(부울경 우선),지시서 축
E편한세상번영로리더스포레프리미엄,B_입주예정 ↔ 부울경_D_입주예정,B_입주예정,nkw-a001-01-000008540646632,PAUSED,80,OFF 권고(전국측),지시서 축
E편한세상번영로리더스포레프리미엄,B_입주예정 ↔ 부울경_D_입주예정,부울경_D_입주예정,nkw-a001-01-000008542821363,ELIGIBLE,110,생존(부울경 우선),지시서 축
E편한세상범일국제금융시티,B_입주예정 ↔ 부울경_D_입주예정,B_입주예정,nkw-a001-01-000008540645863,PAUSED,80,OFF 권고(전국측),지시서 축
E편한세상범일국제금융시티,B_입주예정 ↔ 부울경_D_입주예정,부울경_D_입주예정,nkw-a001-01-000008542820986,ELIGIBLE,110,생존(부울경 우선),지시서 축
E편한세상범일국제금융시티분양권,B_입주예정 ↔ 부울경_D_입주예정,B_입주예정,nkw-a001-01-000008540645864,PAUSED,80,OFF 권고(전국측),지시서 축
E편한세상범일국제금융시티분양권,B_입주예정 ↔ 부울경_D_입주예정,부울경_D_입주예정,nkw-a001-01-000008542820987,ELIGIBLE,110,생존(부울경 우선),지시서 축
E편한세상범일국제금융시티시세,B_입주예정 ↔ 부울경_D_입주예정,B_입주예정,nkw-a001-01-000008540645866,PAUSED,80,OFF 권고(전국측),지시서 축
E편한세상범일국제금융시티시세,B_입주예정 ↔ 부울경_D_입주예정,부울경_D_입주예정,nkw-a001-01-000008542820989,ELIGIBLE,110,생존(부울경 우선),지시서 축
E편한세상범일국제금융시티실거래가,B_입주예정 ↔ 부울경_D_입주예정,B_입주예정,nkw-a001-01-000008540645867,PAUSED,80,OFF 권고(전국측),지시서 축
E편한세상범일국제금융시티실거래가,B_입주예정 ↔ 부울경_D_입주예정,부울경_D_입주예정,nkw-a001-01-000008542820990,ELIGIBLE,110,생존(부울경 우선),지시서 축
E편한세상범일국제금융시티입주,B_입주예정 ↔ 부울경_D_입주예정,B_입주예정,nkw-a001-01-000008540645865,PAUSED,80,OFF 권고(전국측),지시서 축
E편한세상범일국제금융시티입주,B_입주예정 ↔ 부울경_D_입주예정,부울경_D_입주예정,nkw-a001-01-000008542820988,ELIGIBLE,110,생존(부울경 우선),지시서 축
E편한세상범일국제금융시티입주일,B_입주예정 ↔ 부울경_D_입주예정,B_입주예정,nkw-a001-01-000008540645870,PAUSED,80,OFF 권고(전국측),지시서 축
E편한세상범일국제금융시티입주일,B_입주예정 ↔ 부울경_D_입주예정,부울경_D_입주예정,nkw-a001-01-000008542820993,ELIGIBLE,110,생존(부울경 우선),지시서 축
E편한세상범일국제금융시티평면도,B_입주예정 ↔ 부울경_D_입주예정,B_입주예정,nkw-a001-01-000008540645868,PAUSED,80,OFF 권고(전국측),지시서 축
E편한세상범일국제금융시티평면도,B_입주예정 ↔ 부울경_D_입주예정,부울경_D_입주예정,nkw-a001-01-000008542820991,ELIGIBLE,110,생존(부울경 우선),지시서 축
E편한세상범일국제금융시티프리미엄,B_입주예정 ↔ 부울경_D_입주예정,B_입주예정,nkw-a001-01-000008540645869,PAUSED,80,OFF 권고(전국측),지시서 축
E편한세상범일국제금융시티프리미엄,B_입주예정 ↔ 부울경_D_입주예정,부울경_D_입주예정,nkw-a001-01-000008542820992,ELIGIBLE,110,생존(부울경 우선),지시서 축
E편한세상센텀하이베뉴,B_입주예정 ↔ 부울경_D_입주예정,B_입주예정,nkw-a001-01-000008540645983,PAUSED,80,OFF 권고(전국측),지시서 축
E편한세상센텀하이베뉴,B_입주예정 ↔ 부울경_D_입주예정,부울경_D_입주예정,nkw-a001-01-000008542821052,ELIGIBLE,110,생존(부울경 우선),지시서 축
E편한세상센텀하이베뉴분양권,B_입주예정 ↔ 부울경_D_입주예정,B_입주예정,nkw-a001-01-000008540645985,PAUSED,80,OFF 권고(전국측),지시서 축
E편한세상센텀하이베뉴분양권,B_입주예정 ↔ 부울경_D_입주예정,부울경_D_입주예정,nkw-a001-01-000008542821083,ELIGIBLE,110,생존(부울경 우선),지시서 축
E편한세상센텀하이베뉴시세,B_입주예정 ↔ 부울경_D_입주예정,B_입주예정,nkw-a001-01-000008540645988,PAUSED,80,OFF 권고(전국측),지시서 축
E편한세상센텀하이베뉴시세,B_입주예정 ↔ 부울경_D_입주예정,부울경_D_입주예정,nkw-a001-01-000008542821086,ELIGIBLE,110,생존(부울경 우선),지시서 축
E편한세상센텀하이베뉴실거래가,B_입주예정 ↔ 부울경_D_입주예정,B_입주예정,nkw-a001-01-000008540645989,PAUSED,80,OFF 권고(전국측),지시서 축
E편한세상센텀하이베뉴실거래가,B_입주예정 ↔ 부울경_D_입주예정,부울경_D_입주예정,nkw-a001-01-000008542821088,ELIGIBLE,110,생존(부울경 우선),지시서 축
E편한세상센텀하이베뉴입주,B_입주예정 ↔ 부울경_D_입주예정,B_입주예정,nkw-a001-01-000008540645986,PAUSED,80,OFF 권고(전국측),지시서 축
E편한세상센텀하이베뉴입주,B_입주예정 ↔ 부울경_D_입주예정,부울경_D_입주예정,nkw-a001-01-000008542821085,ELIGIBLE,110,생존(부울경 우선),지시서 축
E편한세상센텀하이베뉴입주일,B_입주예정 ↔ 부울경_D_입주예정,B_입주예정,nkw-a001-01-000008540645994,PAUSED,80,OFF 권고(전국측),지시서 축
E편한세상센텀하이베뉴입주일,B_입주예정 ↔ 부울경_D_입주예정,부울경_D_입주예정,nkw-a001-01-000008542821092,ELIGIBLE,110,생존(부울경 우선),지시서 축
E편한세상센텀하이베뉴평면도,B_입주예정 ↔ 부울경_D_입주예정,B_입주예정,nkw-a001-01-000008540645991,PAUSED,80,OFF 권고(전국측),지시서 축
E편한세상센텀하이베뉴평면도,B_입주예정 ↔ 부울경_D_입주예정,부울경_D_입주예정,nkw-a001-01-000008542821089,ELIGIBLE,110,생존(부울경 우선),지시서 축
E편한세상센텀하이베뉴프리미엄,B_입주예정 ↔ 부울경_D_입주예정,B_입주예정,nkw-a001-01-000008540645993,PAUSED,80,OFF 권고(전국측),지시서 축
E편한세상센텀하이베뉴프리미엄,B_입주예정 ↔ 부울경_D_입주예정,부울경_D_입주예정,nkw-a001-01-000008542821091,ELIGIBLE,110,생존(부울경 우선),지시서 축
E편한세상신정스카이하임,B_입주예정 ↔ 부울경_D_입주예정,B_입주예정,nkw-a001-01-000008540646682,PAUSED,80,OFF 권고(전국측),지시서 축
E편한세상신정스카이하임,B_입주예정 ↔ 부울경_D_입주예정,부울경_D_입주예정,nkw-a001-01-000008542821368,ELIGIBLE,110,생존(부울경 우선),지시서 축
E편한세상신정스카이하임분양권,B_입주예정 ↔ 부울경_D_입주예정,B_입주예정,nkw-a001-01-000008540646683,PAUSED,80,OFF 권고(전국측),지시서 축
E편한세상신정스카이하임분양권,B_입주예정 ↔ 부울경_D_입주예정,부울경_D_입주예정,nkw-a001-01-000008542821369,ELIGIBLE,110,생존(부울경 우선),지시서 축
E편한세상신정스카이하임시세,B_입주예정 ↔ 부울경_D_입주예정,B_입주예정,nkw-a001-01-000008540646685,PAUSED,80,OFF 권고(전국측),지시서 축
E편한세상신정스카이하임시세,B_입주예정 ↔ 부울경_D_입주예정,부울경_D_입주예정,nkw-a001-01-000008542821371,ELIGIBLE,110,생존(부울경 우선),지시서 축
E편한세상신정스카이하임실거래가,B_입주예정 ↔ 부울경_D_입주예정,B_입주예정,nkw-a001-01-000008540646686,PAUSED,80,OFF 권고(전국측),지시서 축
E편한세상신정스카이하임실거래가,B_입주예정 ↔ 부울경_D_입주예정,부울경_D_입주예정,nkw-a001-01-000008542821372,ELIGIBLE,110,생존(부울경 우선),지시서 축
E편한세상신정스카이하임입주,B_입주예정 ↔ 부울경_D_입주예정,B_입주예정,nkw-a001-01-000008540646684,PAUSED,80,OFF 권고(전국측),지시서 축
E편한세상신정스카이하임입주,B_입주예정 ↔ 부울경_D_입주예정,부울경_D_입주예정,nkw-a001-01-000008542821370,ELIGIBLE,110,생존(부울경 우선),지시서 축
E편한세상신정스카이하임입주일,B_입주예정 ↔ 부울경_D_입주예정,B_입주예정,nkw-a001-01-000008540646689,PAUSED,80,OFF 권고(전국측),지시서 축
E편한세상신정스카이하임입주일,B_입주예정 ↔ 부울경_D_입주예정,부울경_D_입주예정,nkw-a001-01-000008542821375,ELIGIBLE,110,생존(부울경 우선),지시서 축
E편한세상신정스카이하임평면도,B_입주예정 ↔ 부울경_D_입주예정,B_입주예정,nkw-a001-01-000008540646687,PAUSED,80,OFF 권고(전국측),지시서 축
E편한세상신정스카이하임평면도,B_입주예정 ↔ 부울경_D_입주예정,부울경_D_입주예정,nkw-a001-01-000008542821373,ELIGIBLE,110,생존(부울경 우선),지시서 축
E편한세상신정스카이하임프리미엄,B_입주예정 ↔ 부울경_D_입주예정,B_입주예정,nkw-a001-01-000008540646688,PAUSED,80,OFF 권고(전국측),지시서 축
E편한세상신정스카이하임프리미엄,B_입주예정 ↔ 부울경_D_입주예정,부울경_D_입주예정,nkw-a001-01-000008542821374,ELIGIBLE,110,생존(부울경 우선),지시서 축
옥동경남아너스빌UBC,B_입주예정 ↔ 부울경_D_입주예정,B_입주예정,nkw-a001-01-000008540646610,PAUSED,80,OFF 권고(전국측),지시서 축
옥동경남아너스빌UBC,B_입주예정 ↔ 부울경_D_입주예정,부울경_D_입주예정,nkw-a001-01-000008542821322,ELIGIBLE,110,생존(부울경 우선),지시서 축
옥동경남아너스빌UBC분양권,B_입주예정 ↔ 부울경_D_입주예정,B_입주예정,nkw-a001-01-000008540646611,PAUSED,80,OFF 권고(전국측),지시서 축
옥동경남아너스빌UBC분양권,B_입주예정 ↔ 부울경_D_입주예정,부울경_D_입주예정,nkw-a001-01-000008542821323,ELIGIBLE,110,생존(부울경 우선),지시서 축
옥동경남아너스빌UBC시세,B_입주예정 ↔ 부울경_D_입주예정,B_입주예정,nkw-a001-01-000008540646613,PAUSED,80,OFF 권고(전국측),지시서 축
옥동경남아너스빌UBC시세,B_입주예정 ↔ 부울경_D_입주예정,부울경_D_입주예정,nkw-a001-01-000008542821325,ELIGIBLE,110,생존(부울경 우선),지시서 축
옥동경남아너스빌UBC실거래가,B_입주예정 ↔ 부울경_D_입주예정,B_입주예정,nkw-a001-01-000008540646614,PAUSED,80,OFF 권고(전국측),지시서 축
옥동경남아너스빌UBC실거래가,B_입주예정 ↔ 부울경_D_입주예정,부울경_D_입주예정,nkw-a001-01-000008542821326,ELIGIBLE,110,생존(부울경 우선),지시서 축
옥동경남아너스빌UBC입주,B_입주예정 ↔ 부울경_D_입주예정,B_입주예정,nkw-a001-01-000008540646612,PAUSED,80,OFF 권고(전국측),지시서 축
옥동경남아너스빌UBC입주,B_입주예정 ↔ 부울경_D_입주예정,부울경_D_입주예정,nkw-a001-01-000008542821324,ELIGIBLE,110,생존(부울경 우선),지시서 축
옥동경남아너스빌UBC입주일,B_입주예정 ↔ 부울경_D_입주예정,B_입주예정,nkw-a001-01-000008540646617,PAUSED,80,OFF 권고(전국측),지시서 축
옥동경남아너스빌UBC입주일,B_입주예정 ↔ 부울경_D_입주예정,부울경_D_입주예정,nkw-a001-01-000008542821329,ELIGIBLE,110,생존(부울경 우선),지시서 축
옥동경남아너스빌UBC평면도,B_입주예정 ↔ 부울경_D_입주예정,B_입주예정,nkw-a001-01-000008540646615,PAUSED,80,OFF 권고(전국측),지시서 축
옥동경남아너스빌UBC평면도,B_입주예정 ↔ 부울경_D_입주예정,부울경_D_입주예정,nkw-a001-01-000008542821327,ELIGIBLE,110,생존(부울경 우선),지시서 축
옥동경남아너스빌UBC프리미엄,B_입주예정 ↔ 부울경_D_입주예정,B_입주예정,nkw-a001-01-000008540646616,PAUSED,80,OFF 권고(전국측),지시서 축
옥동경남아너스빌UBC프리미엄,B_입주예정 ↔ 부울경_D_입주예정,부울경_D_입주예정,nkw-a001-01-000008542821328,ELIGIBLE,110,생존(부울경 우선),지시서 축
울산남구분양,A_분양 ↔ E_대표,A_분양,nkw-a001-01-000008569784243,ELIGIBLE,100,판정 필요,⚠️ 축 밖 — 예외 표기
울산남구분양,A_분양 ↔ E_대표,E_대표,nkw-a001-01-000008541751751,PAUSED,70,판정 필요,⚠️ 축 밖 — 예외 표기
울산분양예정아파트,A_분양 ↔ E_대표,A_분양,nkw-a001-01-000008569784253,ELIGIBLE,100,판정 필요,⚠️ 축 밖 — 예외 표기
울산분양예정아파트,A_분양 ↔ E_대표,E_대표,nkw-a001-01-000008541751657,PAUSED,70,판정 필요,⚠️ 축 밖 — 예외 표기
일광더에스,A_분양 ↔ 부울경_B_분양예정,A_분양,nkw-a001-01-000008560917260,ELIGIBLE,70,판정 필요,⚠️ 축 밖 — 예외 표기
일광더에스,A_분양 ↔ 부울경_B_분양예정,부울경_B_분양예정,nkw-a001-01-000008560733652,PAUSED,140,판정 필요,⚠️ 축 밖 — 예외 표기
대연디아이엘,B_입주예정 ↔ 카더라,B_입주예정,nkw-a001-01-000008540645685,ELIGIBLE,80,판정 필요,⚠️ 축 밖 — 예외 표기
대연디아이엘,B_입주예정 ↔ 카더라,카더라,nkw-a001-01-000008534454701,PAUSED,70,판정 필요,⚠️ 축 밖 — 예외 표기
번영로하늘채라크뷰,B_입주예정 ↔ 카더라,B_입주예정,nkw-a001-01-000008540646666,ELIGIBLE,80,판정 필요,⚠️ 축 밖 — 예외 표기
번영로하늘채라크뷰,B_입주예정 ↔ 카더라,카더라,nkw-a001-01-000008534454710,PAUSED,70,판정 필요,⚠️ 축 밖 — 예외 표기
대연푸르지오클라센트,D_기축 ↔ 카더라,D_기축,nkw-a001-01-000008540644519,ELIGIBLE,80,판정 필요,⚠️ 축 밖 — 예외 표기
대연푸르지오클라센트,D_기축 ↔ 카더라,카더라,nkw-a001-01-000008534454706,PAUSED,70,판정 필요,⚠️ 축 밖 — 예외 표기
더샵신문그리니티,D_기축 ↔ 카더라,D_기축,nkw-a001-01-000008540644863,ELIGIBLE,80,판정 필요,⚠️ 축 밖 — 예외 표기
더샵신문그리니티,D_기축 ↔ 카더라,카더라,nkw-a001-01-000008534454720,PAUSED,70,판정 필요,⚠️ 축 밖 — 예외 표기
경남미분양,E_대표 ↔ 카더라,E_대표,nkw-a001-01-000008541751684,ELIGIBLE,70,판정 필요,⚠️ 축 밖 — 예외 표기
경남미분양,E_대표 ↔ 카더라,카더라,nkw-a001-01-000008534454696,PAUSED,70,판정 필요,⚠️ 축 밖 — 예외 표기
경남청약,E_대표 ↔ 카더라,E_대표,nkw-a001-01-000008541751680,ELIGIBLE,70,판정 필요,⚠️ 축 밖 — 예외 표기
경남청약,E_대표 ↔ 카더라,카더라,nkw-a001-01-000008534454712,PAUSED,70,판정 필요,⚠️ 축 밖 — 예외 표기
부산미분양,E_대표 ↔ 카더라,E_대표,nkw-a001-01-000008541751640,ELIGIBLE,70,판정 필요,⚠️ 축 밖 — 예외 표기
부산미분양,E_대표 ↔ 카더라,카더라,nkw-a001-01-000008534454677,PAUSED,70,판정 필요,⚠️ 축 밖 — 예외 표기
부산미분양아파트,E_대표 ↔ 카더라,E_대표,nkw-a001-01-000008541751641,ELIGIBLE,70,판정 필요,⚠️ 축 밖 — 예외 표기
부산미분양아파트,E_대표 ↔ 카더라,카더라,nkw-a001-01-000008534454656,PAUSED,70,판정 필요,⚠️ 축 밖 — 예외 표기
부산분양,E_대표 ↔ 카더라,E_대표,nkw-a001-01-000008541751629,ELIGIBLE,70,판정 필요,⚠️ 축 밖 — 예외 표기
부산분양,E_대표 ↔ 카더라,카더라,nkw-a001-01-000008534454730,PAUSED,70,판정 필요,⚠️ 축 밖 — 예외 표기
부산아파트분양,E_대표 ↔ 카더라,E_대표,nkw-a001-01-000008541751631,ELIGIBLE,70,판정 필요,⚠️ 축 밖 — 예외 표기
부산아파트분양,E_대표 ↔ 카더라,카더라,nkw-a001-01-000008534454728,PAUSED,70,판정 필요,⚠️ 축 밖 — 예외 표기
부산청약,E_대표 ↔ 카더라,E_대표,nkw-a001-01-000008541751636,ELIGIBLE,70,판정 필요,⚠️ 축 밖 — 예외 표기
부산청약,E_대표 ↔ 카더라,카더라,nkw-a001-01-000008534454698,PAUSED,70,판정 필요,⚠️ 축 밖 — 예외 표기
울산미분양,E_대표 ↔ 카더라,E_대표,nkw-a001-01-000008541751662,ELIGIBLE,70,판정 필요,⚠️ 축 밖 — 예외 표기
울산미분양,E_대표 ↔ 카더라,카더라,nkw-a001-01-000008534454687,PAUSED,70,판정 필요,⚠️ 축 밖 — 예외 표기
울산분양,E_대표 ↔ 카더라,E_대표,nkw-a001-01-000008541751651,ELIGIBLE,70,판정 필요,⚠️ 축 밖 — 예외 표기
울산분양,E_대표 ↔ 카더라,카더라,nkw-a001-01-000008534454670,PAUSED,70,판정 필요,⚠️ 축 밖 — 예외 표기
울산아파트분양,E_대표 ↔ 카더라,E_대표,nkw-a001-01-000008541751653,ELIGIBLE,70,판정 필요,⚠️ 축 밖 — 예외 표기
울산아파트분양,E_대표 ↔ 카더라,카더라,nkw-a001-01-000008534454668,PAUSED,70,판정 필요,⚠️ 축 밖 — 예외 표기
울산청약,E_대표 ↔ 카더라,E_대표,nkw-a001-01-000008541751658,ELIGIBLE,70,판정 필요,⚠️ 축 밖 — 예외 표기
울산청약,E_대표 ↔ 카더라,카더라,nkw-a001-01-000008534454708,PAUSED,70,판정 필요,⚠️ 축 밖 — 예외 표기
