CUST_ID,로그인 ID,캠페인 ID,캠페인 이름,광고그룹 ID,광고그룹 이름,키워드 ID,키워드,키워드 연결URL(PC),키워드 연결URL(모바일),키워드 입찰가,키워드 상태,사유
1875914,yoas2:naver,cmp-a001-01-000000011002673,카더라,grp-a001-01-000000072376804,부울경_B_분양예정,nkw-a001-01-000008542823492,알티에로-광안,https://kadeora.app/apt/altiero-gwangan,https://kadeora.app/apt/altiero-gwangan,110,off,slug키워드
1875914,yoas2:naver,cmp-a001-01-000000011002673,카더라,grp-a001-01-000000072376804,부울경_B_분양예정,nkw-a001-01-000008542823494,알티에로-광안모델하우스,https://kadeora.app/apt/altiero-gwangan,https://kadeora.app/apt/altiero-gwangan,110,off,slug키워드
1875914,yoas2:naver,cmp-a001-01-000000011002673,카더라,grp-a001-01-000000072376804,부울경_B_분양예정,nkw-a001-01-000008542823493,알티에로-광안분양가,https://kadeora.app/apt/altiero-gwangan,https://kadeora.app/apt/altiero-gwangan,110,off,slug키워드
1875914,yoas2:naver,cmp-a001-01-000000011002673,카더라,grp-a001-01-000000072376804,부울경_B_분양예정,nkw-a001-01-000008542823489,해운대-마티안-디-에디션,https://kadeora.app/apt/haeundae-mattian-d-edition,https://kadeora.app/apt/haeundae-mattian-d-edition,110,off,slug키워드
1875914,yoas2:naver,cmp-a001-01-000000011002673,카더라,grp-a001-01-000000072376804,부울경_B_분양예정,nkw-a001-01-000008542823491,해운대-마티안-디-에디션모델하우스,https://kadeora.app/apt/haeundae-mattian-d-edition,https://kadeora.app/apt/haeundae-mattian-d-edition,110,off,slug키워드
1875914,yoas2:naver,cmp-a001-01-000000011002673,카더라,grp-a001-01-000000072376804,부울경_B_분양예정,nkw-a001-01-000008542823490,해운대-마티안-디-에디션분양가,https://kadeora.app/apt/haeundae-mattian-d-edition,https://kadeora.app/apt/haeundae-mattian-d-edition,110,off,slug키워드
1875914,yoas2:naver,cmp-a001-01-000000011002673,카더라,grp-a001-01-000000072376809,부울경_C_미분양,nkw-a001-01-000008542820619,창원-의창-푸르지오,https://kadeora.app/apt/%EC%B0%BD%EC%9B%90%EC%9D%98%EC%B0%BD%ED%91%B8%EB%A5%B4%EC%A7%80%EC%98%A4,https://kadeora.app/apt/%EC%B0%BD%EC%9B%90%EC%9D%98%EC%B0%BD%ED%91%B8%EB%A5%B4%EC%A7%80%EC%98%A4,110,off,slug키워드
1875914,yoas2:naver,cmp-a001-01-000000011002673,카더라,grp-a001-01-000000072376809,부울경_C_미분양,nkw-a001-01-000008542820620,창원-의창-푸르지오분양가,https://kadeora.app/apt/%EC%B0%BD%EC%9B%90%EC%9D%98%EC%B0%BD%ED%91%B8%EB%A5%B4%EC%A7%80%EC%98%A4,https://kadeora.app/apt/%EC%B0%BD%EC%9B%90%EC%9D%98%EC%B0%BD%ED%91%B8%EB%A5%B4%EC%A7%80%EC%98%A4,110,off,slug키워드
1875914,yoas2:naver,cmp-a001-01-000000011002673,카더라,grp-a001-01-000000072376809,부울경_C_미분양,nkw-a001-01-000008542820621,창원-의창-푸르지오잔여세대,https://kadeora.app/apt/%EC%B0%BD%EC%9B%90%EC%9D%98%EC%B0%BD%ED%91%B8%EB%A5%B4%EC%A7%80%EC%98%A4,https://kadeora.app/apt/%EC%B0%BD%EC%9B%90%EC%9D%98%EC%B0%BD%ED%91%B8%EB%A5%B4%EC%A7%80%EC%98%A4,110,off,slug키워드
1875914,yoas2:naver,cmp-a001-01-000000011002673,카더라,grp-a001-01-000000072376814,부울경_D_입주예정,nkw-a001-01-000008542821024,금정산-하늘채-루미엘,https://kadeora.app/apt/%EA%B8%88%EC%A0%95%EC%82%B0-%ED%95%98%EB%8A%98%EC%B1%84-%EB%A3%A8%EB%AF%B8%EC%97%98,https://kadeora.app/apt/%EA%B8%88%EC%A0%95%EC%82%B0-%ED%95%98%EB%8A%98%EC%B1%84-%EB%A3%A8%EB%AF%B8%EC%97%98,110,off,slug키워드
1875914,yoas2:naver,cmp-a001-01-000000011002673,카더라,grp-a001-01-000000072376814,부울경_D_입주예정,nkw-a001-01-000008542821025,금정산-하늘채-루미엘분양권,https://kadeora.app/apt/%EA%B8%88%EC%A0%95%EC%82%B0-%ED%95%98%EB%8A%98%EC%B1%84-%EB%A3%A8%EB%AF%B8%EC%97%98,https://kadeora.app/apt/%EA%B8%88%EC%A0%95%EC%82%B0-%ED%95%98%EB%8A%98%EC%B1%84-%EB%A3%A8%EB%AF%B8%EC%97%98,110,off,slug키워드
1875914,yoas2:naver,cmp-a001-01-000000011002673,카더라,grp-a001-01-000000072376814,부울경_D_입주예정,nkw-a001-01-000008542821026,금정산-하늘채-루미엘입주,https://kadeora.app/apt/%EA%B8%88%EC%A0%95%EC%82%B0-%ED%95%98%EB%8A%98%EC%B1%84-%EB%A3%A8%EB%AF%B8%EC%97%98,https://kadeora.app/apt/%EA%B8%88%EC%A0%95%EC%82%B0-%ED%95%98%EB%8A%98%EC%B1%84-%EB%A3%A8%EB%AF%B8%EC%97%98,110,off,slug키워드
1875914,yoas2:naver,cmp-a001-01-000000011002673,카더라,grp-a001-01-000000072376814,부울경_D_입주예정,nkw-a001-01-000008542821269,기장-이진캐스빌-포레,https://kadeora.app/apt/%EA%B8%B0%EC%9E%A5-%EC%9D%B4%EC%A7%84%EC%BA%90%EC%8A%A4%EB%B9%8C-%ED%8F%AC%EB%A0%88,https://kadeora.app/apt/%EA%B8%B0%EC%9E%A5-%EC%9D%B4%EC%A7%84%EC%BA%90%EC%8A%A4%EB%B9%8C-%ED%8F%AC%EB%A0%88,110,off,slug키워드
1875914,yoas2:naver,cmp-a001-01-000000011002673,카더라,grp-a001-01-000000072376814,부울경_D_입주예정,nkw-a001-01-000008542821270,기장-이진캐스빌-포레분양권,https://kadeora.app/apt/%EA%B8%B0%EC%9E%A5-%EC%9D%B4%EC%A7%84%EC%BA%90%EC%8A%A4%EB%B9%8C-%ED%8F%AC%EB%A0%88,https://kadeora.app/apt/%EA%B8%B0%EC%9E%A5-%EC%9D%B4%EC%A7%84%EC%BA%90%EC%8A%A4%EB%B9%8C-%ED%8F%AC%EB%A0%88,110,off,slug키워드
1875914,yoas2:naver,cmp-a001-01-000000011002673,카더라,grp-a001-01-000000072376814,부울경_D_입주예정,nkw-a001-01-000008542821271,기장-이진캐스빌-포레입주,https://kadeora.app/apt/%EA%B8%B0%EC%9E%A5-%EC%9D%B4%EC%A7%84%EC%BA%90%EC%8A%A4%EB%B9%8C-%ED%8F%AC%EB%A0%88,https://kadeora.app/apt/%EA%B8%B0%EC%9E%A5-%EC%9D%B4%EC%A7%84%EC%BA%90%EC%8A%A4%EB%B9%8C-%ED%8F%AC%EB%A0%88,110,off,slug키워드
1875914,yoas2:naver,cmp-a001-01-000000011002673,카더라,grp-a001-01-000000072376814,부울경_D_입주예정,nkw-a001-01-000008542820647,김해-안동-에피트,https://kadeora.app/apt/%EA%B9%80%ED%95%B4-%EC%95%88%EB%8F%99-%EC%97%90%ED%94%BC%ED%8A%B8,https://kadeora.app/apt/%EA%B9%80%ED%95%B4-%EC%95%88%EB%8F%99-%EC%97%90%ED%94%BC%ED%8A%B8,110,off,slug키워드
1875914,yoas2:naver,cmp-a001-01-000000011002673,카더라,grp-a001-01-000000072376814,부울경_D_입주예정,nkw-a001-01-000008542820648,김해-안동-에피트분양권,https://kadeora.app/apt/%EA%B9%80%ED%95%B4-%EC%95%88%EB%8F%99-%EC%97%90%ED%94%BC%ED%8A%B8,https://kadeora.app/apt/%EA%B9%80%ED%95%B4-%EC%95%88%EB%8F%99-%EC%97%90%ED%94%BC%ED%8A%B8,110,off,slug키워드
1875914,yoas2:naver,cmp-a001-01-000000011002673,카더라,grp-a001-01-000000072376814,부울경_D_입주예정,nkw-a001-01-000008542820649,김해-안동-에피트입주,https://kadeora.app/apt/%EA%B9%80%ED%95%B4-%EC%95%88%EB%8F%99-%EC%97%90%ED%94%BC%ED%8A%B8,https://kadeora.app/apt/%EA%B9%80%ED%95%B4-%EC%95%88%EB%8F%99-%EC%97%90%ED%94%BC%ED%8A%B8,110,off,slug키워드
1875914,yoas2:naver,cmp-a001-01-000000011002673,카더라,grp-a001-01-000000072376814,부울경_D_입주예정,nkw-a001-01-000008542820898,대연-디아이엘,https://kadeora.app/apt/%EB%8C%80%EC%97%B0-%EB%94%94%EC%95%84%EC%9D%B4%EC%97%98,https://kadeora.app/apt/%EB%8C%80%EC%97%B0-%EB%94%94%EC%95%84%EC%9D%B4%EC%97%98,110,off,slug키워드
1875914,yoas2:naver,cmp-a001-01-000000011002673,카더라,grp-a001-01-000000072376814,부울경_D_입주예정,nkw-a001-01-000008542820899,대연-디아이엘분양권,https://kadeora.app/apt/%EB%8C%80%EC%97%B0-%EB%94%94%EC%95%84%EC%9D%B4%EC%97%98,https://kadeora.app/apt/%EB%8C%80%EC%97%B0-%EB%94%94%EC%95%84%EC%9D%B4%EC%97%98,110,off,slug키워드
1875914,yoas2:naver,cmp-a001-01-000000011002673,카더라,grp-a001-01-000000072376814,부울경_D_입주예정,nkw-a001-01-000008542820900,대연-디아이엘입주,https://kadeora.app/apt/%EB%8C%80%EC%97%B0-%EB%94%94%EC%95%84%EC%9D%B4%EC%97%98,https://kadeora.app/apt/%EB%8C%80%EC%97%B0-%EB%94%94%EC%95%84%EC%9D%B4%EC%97%98,110,off,slug키워드
1875914,yoas2:naver,cmp-a001-01-000000011002673,카더라,grp-a001-01-000000072376814,부울경_D_입주예정,nkw-a001-01-000008542821012,더샵-금정위버시티,https://kadeora.app/apt/%EB%8D%94%EC%83%B5-%EA%B8%88%EC%A0%95%EC%9C%84%EB%B2%84%EC%8B%9C%ED%8B%B0,https://kadeora.app/apt/%EB%8D%94%EC%83%B5-%EA%B8%88%EC%A0%95%EC%9C%84%EB%B2%84%EC%8B%9C%ED%8B%B0,110,off,slug키워드
1875914,yoas2:naver,cmp-a001-01-000000011002673,카더라,grp-a001-01-000000072376814,부울경_D_입주예정,nkw-a001-01-000008542821013,더샵-금정위버시티분양권,https://kadeora.app/apt/%EB%8D%94%EC%83%B5-%EA%B8%88%EC%A0%95%EC%9C%84%EB%B2%84%EC%8B%9C%ED%8B%B0,https://kadeora.app/apt/%EB%8D%94%EC%83%B5-%EA%B8%88%EC%A0%95%EC%9C%84%EB%B2%84%EC%8B%9C%ED%8B%B0,110,off,slug키워드
1875914,yoas2:naver,cmp-a001-01-000000011002673,카더라,grp-a001-01-000000072376814,부울경_D_입주예정,nkw-a001-01-000008542821014,더샵-금정위버시티입주,https://kadeora.app/apt/%EB%8D%94%EC%83%B5-%EA%B8%88%EC%A0%95%EC%9C%84%EB%B2%84%EC%8B%9C%ED%8B%B0,https://kadeora.app/apt/%EB%8D%94%EC%83%B5-%EA%B8%88%EC%A0%95%EC%9C%84%EB%B2%84%EC%8B%9C%ED%8B%B0,110,off,slug키워드
1875914,yoas2:naver,cmp-a001-01-000000011002673,카더라,grp-a001-01-000000072376814,부울경_D_입주예정,nkw-a001-01-000008542821006,더샵-당리센트리체,https://kadeora.app/apt/%EB%8D%94%EC%83%B5-%EB%8B%B9%EB%A6%AC%EC%84%BC%ED%8A%B8%EB%A6%AC%EC%B2%B4,https://kadeora.app/apt/%EB%8D%94%EC%83%B5-%EB%8B%B9%EB%A6%AC%EC%84%BC%ED%8A%B8%EB%A6%AC%EC%B2%B4,110,off,slug키워드
1875914,yoas2:naver,cmp-a001-01-000000011002673,카더라,grp-a001-01-000000072376814,부울경_D_입주예정,nkw-a001-01-000008542821007,더샵-당리센트리체분양권,https://kadeora.app/apt/%EB%8D%94%EC%83%B5-%EB%8B%B9%EB%A6%AC%EC%84%BC%ED%8A%B8%EB%A6%AC%EC%B2%B4,https://kadeora.app/apt/%EB%8D%94%EC%83%B5-%EB%8B%B9%EB%A6%AC%EC%84%BC%ED%8A%B8%EB%A6%AC%EC%B2%B4,110,off,slug키워드
1875914,yoas2:naver,cmp-a001-01-000000011002673,카더라,grp-a001-01-000000072376814,부울경_D_입주예정,nkw-a001-01-000008542821008,더샵-당리센트리체입주,https://kadeora.app/apt/%EB%8D%94%EC%83%B5-%EB%8B%B9%EB%A6%AC%EC%84%BC%ED%8A%B8%EB%A6%AC%EC%B2%B4,https://kadeora.app/apt/%EB%8D%94%EC%83%B5-%EB%8B%B9%EB%A6%AC%EC%84%BC%ED%8A%B8%EB%A6%AC%EC%B2%B4,110,off,slug키워드
1875914,yoas2:naver,cmp-a001-01-000000011002673,카더라,grp-a001-01-000000072376814,부울경_D_입주예정,nkw-a001-01-000008542820921,더샵-리오몬트,https://kadeora.app/apt/%EB%8D%94%EC%83%B5-%EB%A6%AC%EC%98%A4%EB%AA%AC%ED%8A%B8,https://kadeora.app/apt/%EB%8D%94%EC%83%B5-%EB%A6%AC%EC%98%A4%EB%AA%AC%ED%8A%B8,110,off,slug키워드
1875914,yoas2:naver,cmp-a001-01-000000011002673,카더라,grp-a001-01-000000072376814,부울경_D_입주예정,nkw-a001-01-000008542820922,더샵-리오몬트분양권,https://kadeora.app/apt/%EB%8D%94%EC%83%B5-%EB%A6%AC%EC%98%A4%EB%AA%AC%ED%8A%B8,https://kadeora.app/apt/%EB%8D%94%EC%83%B5-%EB%A6%AC%EC%98%A4%EB%AA%AC%ED%8A%B8,110,off,slug키워드
1875914,yoas2:naver,cmp-a001-01-000000011002673,카더라,grp-a001-01-000000072376814,부울경_D_입주예정,nkw-a001-01-000008542820923,더샵-리오몬트입주,https://kadeora.app/apt/%EB%8D%94%EC%83%B5-%EB%A6%AC%EC%98%A4%EB%AA%AC%ED%8A%B8,https://kadeora.app/apt/%EB%8D%94%EC%83%B5-%EB%A6%AC%EC%98%A4%EB%AA%AC%ED%8A%B8,110,off,slug키워드
1875914,yoas2:naver,cmp-a001-01-000000011002673,카더라,grp-a001-01-000000072376814,부울경_D_입주예정,nkw-a001-01-000008542821345,더샵-시에르네,https://kadeora.app/apt/%EB%8D%94%EC%83%B5-%EC%8B%9C%EC%97%90%EB%A5%B4%EB%84%A4,https://kadeora.app/apt/%EB%8D%94%EC%83%B5-%EC%8B%9C%EC%97%90%EB%A5%B4%EB%84%A4,110,off,slug키워드
1875914,yoas2:naver,cmp-a001-01-000000011002673,카더라,grp-a001-01-000000072376814,부울경_D_입주예정,nkw-a001-01-000008542821346,더샵-시에르네분양권,https://kadeora.app/apt/%EB%8D%94%EC%83%B5-%EC%8B%9C%EC%97%90%EB%A5%B4%EB%84%A4,https://kadeora.app/apt/%EB%8D%94%EC%83%B5-%EC%8B%9C%EC%97%90%EB%A5%B4%EB%84%A4,110,off,slug키워드
1875914,yoas2:naver,cmp-a001-01-000000011002673,카더라,grp-a001-01-000000072376814,부울경_D_입주예정,nkw-a001-01-000008542821347,더샵-시에르네입주,https://kadeora.app/apt/%EB%8D%94%EC%83%B5-%EC%8B%9C%EC%97%90%EB%A5%B4%EB%84%A4,https://kadeora.app/apt/%EB%8D%94%EC%83%B5-%EC%8B%9C%EC%97%90%EB%A5%B4%EB%84%A4,110,off,slug키워드
1875914,yoas2:naver,cmp-a001-01-000000011002673,카더라,grp-a001-01-000000072376814,부울경_D_입주예정,nkw-a001-01-000008542821402,더폴-울산신정,https://kadeora.app/apt/%EB%8D%94%ED%8F%B4-%EC%9A%B8%EC%82%B0%EC%8B%A0%EC%A0%95,https://kadeora.app/apt/%EB%8D%94%ED%8F%B4-%EC%9A%B8%EC%82%B0%EC%8B%A0%EC%A0%95,110,off,slug키워드
1875914,yoas2:naver,cmp-a001-01-000000011002673,카더라,grp-a001-01-000000072376814,부울경_D_입주예정,nkw-a001-01-000008542821403,더폴-울산신정분양권,https://kadeora.app/apt/%EB%8D%94%ED%8F%B4-%EC%9A%B8%EC%82%B0%EC%8B%A0%EC%A0%95,https://kadeora.app/apt/%EB%8D%94%ED%8F%B4-%EC%9A%B8%EC%82%B0%EC%8B%A0%EC%A0%95,110,off,slug키워드
1875914,yoas2:naver,cmp-a001-01-000000011002673,카더라,grp-a001-01-000000072376814,부울경_D_입주예정,nkw-a001-01-000008542821404,더폴-울산신정입주,https://kadeora.app/apt/%EB%8D%94%ED%8F%B4-%EC%9A%B8%EC%82%B0%EC%8B%A0%EC%A0%95,https://kadeora.app/apt/%EB%8D%94%ED%8F%B4-%EC%9A%B8%EC%82%B0%EC%8B%A0%EC%A0%95,110,off,slug키워드
1875914,yoas2:naver,cmp-a001-01-000000011002673,카더라,grp-a001-01-000000072376814,부울경_D_입주예정,nkw-a001-01-000008542820983,동래-반도-유보라,https://kadeora.app/apt/%EB%8F%99%EB%9E%98-%EB%B0%98%EB%8F%84-%EC%9C%A0%EB%B3%B4%EB%9D%BC,https://kadeora.app/apt/%EB%8F%99%EB%9E%98-%EB%B0%98%EB%8F%84-%EC%9C%A0%EB%B3%B4%EB%9D%BC,110,off,slug키워드
1875914,yoas2:naver,cmp-a001-01-000000011002673,카더라,grp-a001-01-000000072376814,부울경_D_입주예정,nkw-a001-01-000008542820984,동래-반도-유보라분양권,https://kadeora.app/apt/%EB%8F%99%EB%9E%98-%EB%B0%98%EB%8F%84-%EC%9C%A0%EB%B3%B4%EB%9D%BC,https://kadeora.app/apt/%EB%8F%99%EB%9E%98-%EB%B0%98%EB%8F%84-%EC%9C%A0%EB%B3%B4%EB%9D%BC,110,off,slug키워드
1875914,yoas2:naver,cmp-a001-01-000000011002673,카더라,grp-a001-01-000000072376814,부울경_D_입주예정,nkw-a001-01-000008542820985,동래-반도-유보라입주,https://kadeora.app/apt/%EB%8F%99%EB%9E%98-%EB%B0%98%EB%8F%84-%EC%9C%A0%EB%B3%B4%EB%9D%BC,https://kadeora.app/apt/%EB%8F%99%EB%9E%98-%EB%B0%98%EB%8F%84-%EC%9C%A0%EB%B3%B4%EB%9D%BC,110,off,slug키워드
1875914,yoas2:naver,cmp-a001-01-000000011002673,카더라,grp-a001-01-000000072376814,부울경_D_입주예정,nkw-a001-01-000008542821301,번영로-하늘채-라크뷰,https://kadeora.app/apt/%EB%B2%88%EC%98%81%EB%A1%9C-%ED%95%98%EB%8A%98%EC%B1%84-%EB%9D%BC%ED%81%AC%EB%B7%B0,https://kadeora.app/apt/%EB%B2%88%EC%98%81%EB%A1%9C-%ED%95%98%EB%8A%98%EC%B1%84-%EB%9D%BC%ED%81%AC%EB%B7%B0,110,off,slug키워드
1875914,yoas2:naver,cmp-a001-01-000000011002673,카더라,grp-a001-01-000000072376814,부울경_D_입주예정,nkw-a001-01-000008542821302,번영로-하늘채-라크뷰분양권,https://kadeora.app/apt/%EB%B2%88%EC%98%81%EB%A1%9C-%ED%95%98%EB%8A%98%EC%B1%84-%EB%9D%BC%ED%81%AC%EB%B7%B0,https://kadeora.app/apt/%EB%B2%88%EC%98%81%EB%A1%9C-%ED%95%98%EB%8A%98%EC%B1%84-%EB%9D%BC%ED%81%AC%EB%B7%B0,110,off,slug키워드
1875914,yoas2:naver,cmp-a001-01-000000011002673,카더라,grp-a001-01-000000072376814,부울경_D_입주예정,nkw-a001-01-000008542821303,번영로-하늘채-라크뷰입주,https://kadeora.app/apt/%EB%B2%88%EC%98%81%EB%A1%9C-%ED%95%98%EB%8A%98%EC%B1%84-%EB%9D%BC%ED%81%AC%EB%B7%B0,https://kadeora.app/apt/%EB%B2%88%EC%98%81%EB%A1%9C-%ED%95%98%EB%8A%98%EC%B1%84-%EB%9D%BC%ED%81%AC%EB%B7%B0,110,off,slug키워드
1875914,yoas2:naver,cmp-a001-01-000000011002673,카더라,grp-a001-01-000000072376814,부울경_D_입주예정,nkw-a001-01-000008542821131,베뉴브-해운대,https://kadeora.app/apt/%EB%B2%A0%EB%89%B4%EB%B8%8C-%ED%95%B4%EC%9A%B4%EB%8C%80,https://kadeora.app/apt/%EB%B2%A0%EB%89%B4%EB%B8%8C-%ED%95%B4%EC%9A%B4%EB%8C%80,110,off,slug키워드
1875914,yoas2:naver,cmp-a001-01-000000011002673,카더라,grp-a001-01-000000072376814,부울경_D_입주예정,nkw-a001-01-000008542821132,베뉴브-해운대분양권,https://kadeora.app/apt/%EB%B2%A0%EB%89%B4%EB%B8%8C-%ED%95%B4%EC%9A%B4%EB%8C%80,https://kadeora.app/apt/%EB%B2%A0%EB%89%B4%EB%B8%8C-%ED%95%B4%EC%9A%B4%EB%8C%80,110,off,slug키워드
1875914,yoas2:naver,cmp-a001-01-000000011002673,카더라,grp-a001-01-000000072376814,부울경_D_입주예정,nkw-a001-01-000008542821133,베뉴브-해운대입주,https://kadeora.app/apt/%EB%B2%A0%EB%89%B4%EB%B8%8C-%ED%95%B4%EC%9A%B4%EB%8C%80,https://kadeora.app/apt/%EB%B2%A0%EB%89%B4%EB%B8%8C-%ED%95%B4%EC%9A%B4%EB%8C%80,110,off,slug키워드
1875914,yoas2:naver,cmp-a001-01-000000011002673,카더라,grp-a001-01-000000072376814,부울경_D_입주예정,nkw-a001-01-000008542821151,블랑-써밋-74,https://kadeora.app/apt/%EB%B8%94%EB%9E%91-%EC%8D%A8%EB%B0%8B-74,https://kadeora.app/apt/%EB%B8%94%EB%9E%91-%EC%8D%A8%EB%B0%8B-74,110,off,slug키워드
1875914,yoas2:naver,cmp-a001-01-000000011002673,카더라,grp-a001-01-000000072376814,부울경_D_입주예정,nkw-a001-01-000008542821153,블랑-써밋-74분양권,https://kadeora.app/apt/%EB%B8%94%EB%9E%91-%EC%8D%A8%EB%B0%8B-74,https://kadeora.app/apt/%EB%B8%94%EB%9E%91-%EC%8D%A8%EB%B0%8B-74,110,off,slug키워드
1875914,yoas2:naver,cmp-a001-01-000000011002673,카더라,grp-a001-01-000000072376814,부울경_D_입주예정,nkw-a001-01-000008542821154,블랑-써밋-74입주,https://kadeora.app/apt/%EB%B8%94%EB%9E%91-%EC%8D%A8%EB%B0%8B-74,https://kadeora.app/apt/%EB%B8%94%EB%9E%91-%EC%8D%A8%EB%B0%8B-74,110,off,slug키워드
1875914,yoas2:naver,cmp-a001-01-000000011002673,카더라,grp-a001-01-000000072376814,부울경_D_입주예정,nkw-a001-01-000008542820704,삼문-시그니처-웰가,https://kadeora.app/apt/%EC%82%BC%EB%AC%B8-%EC%8B%9C%EA%B7%B8%EB%8B%88%EC%B2%98-%EC%9B%B0%EA%B0%80,https://kadeora.app/apt/%EC%82%BC%EB%AC%B8-%EC%8B%9C%EA%B7%B8%EB%8B%88%EC%B2%98-%EC%9B%B0%EA%B0%80,110,off,slug키워드
1875914,yoas2:naver,cmp-a001-01-000000011002673,카더라,grp-a001-01-000000072376814,부울경_D_입주예정,nkw-a001-01-000008542820706,삼문-시그니처-웰가분양권,https://kadeora.app/apt/%EC%82%BC%EB%AC%B8-%EC%8B%9C%EA%B7%B8%EB%8B%88%EC%B2%98-%EC%9B%B0%EA%B0%80,https://kadeora.app/apt/%EC%82%BC%EB%AC%B8-%EC%8B%9C%EA%B7%B8%EB%8B%88%EC%B2%98-%EC%9B%B0%EA%B0%80,110,off,slug키워드
1875914,yoas2:naver,cmp-a001-01-000000011002673,카더라,grp-a001-01-000000072376814,부울경_D_입주예정,nkw-a001-01-000008542820708,삼문-시그니처-웰가입주,https://kadeora.app/apt/%EC%82%BC%EB%AC%B8-%EC%8B%9C%EA%B7%B8%EB%8B%88%EC%B2%98-%EC%9B%B0%EA%B0%80,https://kadeora.app/apt/%EC%82%BC%EB%AC%B8-%EC%8B%9C%EA%B7%B8%EB%8B%88%EC%B2%98-%EC%9B%B0%EA%B0%80,110,off,slug키워드
1875914,yoas2:naver,cmp-a001-01-000000011002673,카더라,grp-a001-01-000000072376814,부울경_D_입주예정,nkw-a001-01-000008542820947,서면-써밋-더뉴,https://kadeora.app/apt/%EC%84%9C%EB%A9%B4-%EC%8D%A8%EB%B0%8B-%EB%8D%94%EB%89%B4,https://kadeora.app/apt/%EC%84%9C%EB%A9%B4-%EC%8D%A8%EB%B0%8B-%EB%8D%94%EB%89%B4,110,off,slug키워드
1875914,yoas2:naver,cmp-a001-01-000000011002673,카더라,grp-a001-01-000000072376814,부울경_D_입주예정,nkw-a001-01-000008542820948,서면-써밋-더뉴분양권,https://kadeora.app/apt/%EC%84%9C%EB%A9%B4-%EC%8D%A8%EB%B0%8B-%EB%8D%94%EB%89%B4,https://kadeora.app/apt/%EC%84%9C%EB%A9%B4-%EC%8D%A8%EB%B0%8B-%EB%8D%94%EB%89%B4,110,off,slug키워드
1875914,yoas2:naver,cmp-a001-01-000000011002673,카더라,grp-a001-01-000000072376814,부울경_D_입주예정,nkw-a001-01-000008542820949,서면-써밋-더뉴입주,https://kadeora.app/apt/%EC%84%9C%EB%A9%B4-%EC%8D%A8%EB%B0%8B-%EB%8D%94%EB%89%B4,https://kadeora.app/apt/%EC%84%9C%EB%A9%B4-%EC%8D%A8%EB%B0%8B-%EB%8D%94%EB%89%B4,110,off,slug키워드
1875914,yoas2:naver,cmp-a001-01-000000011002673,카더라,grp-a001-01-000000072376814,부울경_D_입주예정,nkw-a001-01-000008542820787,성산-더리브-포레스트,https://kadeora.app/apt/%EC%84%B1%EC%82%B0-%EB%8D%94%EB%A6%AC%EB%B8%8C-%ED%8F%AC%EB%A0%88%EC%8A%A4%ED%8A%B8,https://kadeora.app/apt/%EC%84%B1%EC%82%B0-%EB%8D%94%EB%A6%AC%EB%B8%8C-%ED%8F%AC%EB%A0%88%EC%8A%A4%ED%8A%B8,110,off,slug키워드
1875914,yoas2:naver,cmp-a001-01-000000011002673,카더라,grp-a001-01-000000072376814,부울경_D_입주예정,nkw-a001-01-000008542820789,성산-더리브-포레스트분양권,https://kadeora.app/apt/%EC%84%B1%EC%82%B0-%EB%8D%94%EB%A6%AC%EB%B8%8C-%ED%8F%AC%EB%A0%88%EC%8A%A4%ED%8A%B8,https://kadeora.app/apt/%EC%84%B1%EC%82%B0-%EB%8D%94%EB%A6%AC%EB%B8%8C-%ED%8F%AC%EB%A0%88%EC%8A%A4%ED%8A%B8,110,off,slug키워드
1875914,yoas2:naver,cmp-a001-01-000000011002673,카더라,grp-a001-01-000000072376814,부울경_D_입주예정,nkw-a001-01-000008542820792,성산-더리브-포레스트입주,https://kadeora.app/apt/%EC%84%B1%EC%82%B0-%EB%8D%94%EB%A6%AC%EB%B8%8C-%ED%8F%AC%EB%A0%88%EC%8A%A4%ED%8A%B8,https://kadeora.app/apt/%EC%84%B1%EC%82%B0-%EB%8D%94%EB%A6%AC%EB%B8%8C-%ED%8F%AC%EB%A0%88%EC%8A%A4%ED%8A%B8,110,off,slug키워드
1875914,yoas2:naver,cmp-a001-01-000000011002673,카더라,grp-a001-01-000000072376814,부울경_D_입주예정,nkw-a001-01-000008542820735,아너스-웰가-진주,https://kadeora.app/apt/%EC%95%84%EB%84%88%EC%8A%A4-%EC%9B%B0%EA%B0%80-%EC%A7%84%EC%A3%BC,https://kadeora.app/apt/%EC%95%84%EB%84%88%EC%8A%A4-%EC%9B%B0%EA%B0%80-%EC%A7%84%EC%A3%BC,110,off,slug키워드
1875914,yoas2:naver,cmp-a001-01-000000011002673,카더라,grp-a001-01-000000072376814,부울경_D_입주예정,nkw-a001-01-000008542820737,아너스-웰가-진주분양권,https://kadeora.app/apt/%EC%95%84%EB%84%88%EC%8A%A4-%EC%9B%B0%EA%B0%80-%EC%A7%84%EC%A3%BC,https://kadeora.app/apt/%EC%95%84%EB%84%88%EC%8A%A4-%EC%9B%B0%EA%B0%80-%EC%A7%84%EC%A3%BC,110,off,slug키워드
1875914,yoas2:naver,cmp-a001-01-000000011002673,카더라,grp-a001-01-000000072376814,부울경_D_입주예정,nkw-a001-01-000008542820739,아너스-웰가-진주입주,https://kadeora.app/apt/%EC%95%84%EB%84%88%EC%8A%A4-%EC%9B%B0%EA%B0%80-%EC%A7%84%EC%A3%BC,https://kadeora.app/apt/%EC%95%84%EB%84%88%EC%8A%A4-%EC%9B%B0%EA%B0%80-%EC%A7%84%EC%A3%BC,110,off,slug키워드
1875914,yoas2:naver,cmp-a001-01-000000011002673,카더라,grp-a001-01-000000072376814,부울경_D_입주예정,nkw-a001-01-000008542820938,엄궁역-트라비스-하늘채,https://kadeora.app/apt/%EC%97%84%EA%B6%81%EC%97%AD-%ED%8A%B8%EB%9D%BC%EB%B9%84%EC%8A%A4-%ED%95%98%EB%8A%98%EC%B1%84,https://kadeora.app/apt/%EC%97%84%EA%B6%81%EC%97%AD-%ED%8A%B8%EB%9D%BC%EB%B9%84%EC%8A%A4-%ED%95%98%EB%8A%98%EC%B1%84,110,off,slug키워드
1875914,yoas2:naver,cmp-a001-01-000000011002673,카더라,grp-a001-01-000000072376814,부울경_D_입주예정,nkw-a001-01-000008542820939,엄궁역-트라비스-하늘채분양권,https://kadeora.app/apt/%EC%97%84%EA%B6%81%EC%97%AD-%ED%8A%B8%EB%9D%BC%EB%B9%84%EC%8A%A4-%ED%95%98%EB%8A%98%EC%B1%84,https://kadeora.app/apt/%EC%97%84%EA%B6%81%EC%97%AD-%ED%8A%B8%EB%9D%BC%EB%B9%84%EC%8A%A4-%ED%95%98%EB%8A%98%EC%B1%84,110,off,slug키워드
1875914,yoas2:naver,cmp-a001-01-000000011002673,카더라,grp-a001-01-000000072376814,부울경_D_입주예정,nkw-a001-01-000008542820940,엄궁역-트라비스-하늘채입주,https://kadeora.app/apt/%EC%97%84%EA%B6%81%EC%97%AD-%ED%8A%B8%EB%9D%BC%EB%B9%84%EC%8A%A4-%ED%95%98%EB%8A%98%EC%B1%84,https://kadeora.app/apt/%EC%97%84%EA%B6%81%EC%97%AD-%ED%8A%B8%EB%9D%BC%EB%B9%84%EC%8A%A4-%ED%95%98%EB%8A%98%EC%B1%84,110,off,slug키워드
1875914,yoas2:naver,cmp-a001-01-000000011002673,카더라,grp-a001-01-000000072376814,부울경_D_입주예정,nkw-a001-01-000008542821254,에코델타시티-아테라,https://kadeora.app/apt/%EC%97%90%EC%BD%94%EB%8D%B8%ED%83%80%EC%8B%9C%ED%8B%B0-%EC%95%84%ED%85%8C%EB%9D%BC24,https://kadeora.app/apt/%EC%97%90%EC%BD%94%EB%8D%B8%ED%83%80%EC%8B%9C%ED%8B%B0-%EC%95%84%ED%85%8C%EB%9D%BC24,110,off,slug키워드
1875914,yoas2:naver,cmp-a001-01-000000011002673,카더라,grp-a001-01-000000072376814,부울경_D_입주예정,nkw-a001-01-000008542821255,에코델타시티-아테라분양권,https://kadeora.app/apt/%EC%97%90%EC%BD%94%EB%8D%B8%ED%83%80%EC%8B%9C%ED%8B%B0-%EC%95%84%ED%85%8C%EB%9D%BC24,https://kadeora.app/apt/%EC%97%90%EC%BD%94%EB%8D%B8%ED%83%80%EC%8B%9C%ED%8B%B0-%EC%95%84%ED%85%8C%EB%9D%BC24,110,off,slug키워드
1875914,yoas2:naver,cmp-a001-01-000000011002673,카더라,grp-a001-01-000000072376814,부울경_D_입주예정,nkw-a001-01-000008542821256,에코델타시티-아테라입주,https://kadeora.app/apt/%EC%97%90%EC%BD%94%EB%8D%B8%ED%83%80%EC%8B%9C%ED%8B%B0-%EC%95%84%ED%85%8C%EB%9D%BC24,https://kadeora.app/apt/%EC%97%90%EC%BD%94%EB%8D%B8%ED%83%80%EC%8B%9C%ED%8B%B0-%EC%95%84%ED%85%8C%EB%9D%BC24,110,off,slug키워드
1875914,yoas2:naver,cmp-a001-01-000000011002673,카더라,grp-a001-01-000000072376814,부울경_D_입주예정,nkw-a001-01-000008542820794,엘리프-창원,https://kadeora.app/apt/%EC%97%98%EB%A6%AC%ED%94%84-%EC%B0%BD%EC%9B%90,https://kadeora.app/apt/%EC%97%98%EB%A6%AC%ED%94%84-%EC%B0%BD%EC%9B%90,110,off,slug키워드
1875914,yoas2:naver,cmp-a001-01-000000011002673,카더라,grp-a001-01-000000072376814,부울경_D_입주예정,nkw-a001-01-000008542820795,엘리프-창원분양권,https://kadeora.app/apt/%EC%97%98%EB%A6%AC%ED%94%84-%EC%B0%BD%EC%9B%90,https://kadeora.app/apt/%EC%97%98%EB%A6%AC%ED%94%84-%EC%B0%BD%EC%9B%90,110,off,slug키워드
1875914,yoas2:naver,cmp-a001-01-000000011002673,카더라,grp-a001-01-000000072376814,부울경_D_입주예정,nkw-a001-01-000008542820798,엘리프-창원입주,https://kadeora.app/apt/%EC%97%98%EB%A6%AC%ED%94%84-%EC%B0%BD%EC%9B%90,https://kadeora.app/apt/%EC%97%98%EB%A6%AC%ED%94%84-%EC%B0%BD%EC%9B%90,110,off,slug키워드
1875914,yoas2:naver,cmp-a001-01-000000011002673,카더라,grp-a001-01-000000072376814,부울경_D_입주예정,nkw-a001-01-000008542820776,창원-센트럴-아이파크,https://kadeora.app/apt/%EC%B0%BD%EC%9B%90-%EC%84%BC%ED%8A%B8%EB%9F%B4-%EC%95%84%EC%9D%B4%ED%8C%8C%ED%81%AC,https://kadeora.app/apt/%EC%B0%BD%EC%9B%90-%EC%84%BC%ED%8A%B8%EB%9F%B4-%EC%95%84%EC%9D%B4%ED%8C%8C%ED%81%AC,110,off,slug키워드
1875914,yoas2:naver,cmp-a001-01-000000011002673,카더라,grp-a001-01-000000072376814,부울경_D_입주예정,nkw-a001-01-000008542820778,창원-센트럴-아이파크분양권,https://kadeora.app/apt/%EC%B0%BD%EC%9B%90-%EC%84%BC%ED%8A%B8%EB%9F%B4-%EC%95%84%EC%9D%B4%ED%8C%8C%ED%81%AC,https://kadeora.app/apt/%EC%B0%BD%EC%9B%90-%EC%84%BC%ED%8A%B8%EB%9F%B4-%EC%95%84%EC%9D%B4%ED%8C%8C%ED%81%AC,110,off,slug키워드
1875914,yoas2:naver,cmp-a001-01-000000011002673,카더라,grp-a001-01-000000072376814,부울경_D_입주예정,nkw-a001-01-000008542820780,창원-센트럴-아이파크입주,https://kadeora.app/apt/%EC%B0%BD%EC%9B%90-%EC%84%BC%ED%8A%B8%EB%9F%B4-%EC%95%84%EC%9D%B4%ED%8C%8C%ED%81%AC,https://kadeora.app/apt/%EC%B0%BD%EC%9B%90-%EC%84%BC%ED%8A%B8%EB%9F%B4-%EC%95%84%EC%9D%B4%ED%8C%8C%ED%81%AC,110,off,slug키워드
1875914,yoas2:naver,cmp-a001-01-000000011002673,카더라,grp-a001-01-000000072376814,부울경_D_입주예정,nkw-a001-01-000008542821307,태화강-센트럴-아이파크,https://kadeora.app/apt/%ED%83%9C%ED%99%94%EA%B0%95-%EC%84%BC%ED%8A%B8%EB%9F%B4-%EC%95%84%EC%9D%B4%ED%8C%8C%ED%81%AC,https://kadeora.app/apt/%ED%83%9C%ED%99%94%EA%B0%95-%EC%84%BC%ED%8A%B8%EB%9F%B4-%EC%95%84%EC%9D%B4%ED%8C%8C%ED%81%AC,110,off,slug키워드
1875914,yoas2:naver,cmp-a001-01-000000011002673,카더라,grp-a001-01-000000072376814,부울경_D_입주예정,nkw-a001-01-000008542821308,태화강-센트럴-아이파크분양권,https://kadeora.app/apt/%ED%83%9C%ED%99%94%EA%B0%95-%EC%84%BC%ED%8A%B8%EB%9F%B4-%EC%95%84%EC%9D%B4%ED%8C%8C%ED%81%AC,https://kadeora.app/apt/%ED%83%9C%ED%99%94%EA%B0%95-%EC%84%BC%ED%8A%B8%EB%9F%B4-%EC%95%84%EC%9D%B4%ED%8C%8C%ED%81%AC,110,off,slug키워드
1875914,yoas2:naver,cmp-a001-01-000000011002673,카더라,grp-a001-01-000000072376814,부울경_D_입주예정,nkw-a001-01-000008542821309,태화강-센트럴-아이파크입주,https://kadeora.app/apt/%ED%83%9C%ED%99%94%EA%B0%95-%EC%84%BC%ED%8A%B8%EB%9F%B4-%EC%95%84%EC%9D%B4%ED%8C%8C%ED%81%AC,https://kadeora.app/apt/%ED%83%9C%ED%99%94%EA%B0%95-%EC%84%BC%ED%8A%B8%EB%9F%B4-%EC%95%84%EC%9D%B4%ED%8C%8C%ED%81%AC,110,off,slug키워드
1875914,yoas2:naver,cmp-a001-01-000000011002673,카더라,grp-a001-01-000000072376814,부울경_D_입주예정,nkw-a001-01-000008542821333,태화강-에피트,https://kadeora.app/apt/%ED%83%9C%ED%99%94%EA%B0%95-%EC%97%90%ED%94%BC%ED%8A%B8,https://kadeora.app/apt/%ED%83%9C%ED%99%94%EA%B0%95-%EC%97%90%ED%94%BC%ED%8A%B8,110,off,slug키워드
1875914,yoas2:naver,cmp-a001-01-000000011002673,카더라,grp-a001-01-000000072376814,부울경_D_입주예정,nkw-a001-01-000008542821334,태화강-에피트분양권,https://kadeora.app/apt/%ED%83%9C%ED%99%94%EA%B0%95-%EC%97%90%ED%94%BC%ED%8A%B8,https://kadeora.app/apt/%ED%83%9C%ED%99%94%EA%B0%95-%EC%97%90%ED%94%BC%ED%8A%B8,110,off,slug키워드
1875914,yoas2:naver,cmp-a001-01-000000011002673,카더라,grp-a001-01-000000072376814,부울경_D_입주예정,nkw-a001-01-000008542821335,태화강-에피트입주,https://kadeora.app/apt/%ED%83%9C%ED%99%94%EA%B0%95-%EC%97%90%ED%94%BC%ED%8A%B8,https://kadeora.app/apt/%ED%83%9C%ED%99%94%EA%B0%95-%EC%97%90%ED%94%BC%ED%8A%B8,110,off,slug키워드
1875914,yoas2:naver,cmp-a001-01-000000011002673,카더라,grp-a001-01-000000072376814,부울경_D_입주예정,nkw-a001-01-000008542820693,트리븐-창원,https://kadeora.app/apt/%ED%8A%B8%EB%A6%AC%EB%B8%90-%EC%B0%BD%EC%9B%90,https://kadeora.app/apt/%ED%8A%B8%EB%A6%AC%EB%B8%90-%EC%B0%BD%EC%9B%90,110,off,slug키워드
1875914,yoas2:naver,cmp-a001-01-000000011002673,카더라,grp-a001-01-000000072376814,부울경_D_입주예정,nkw-a001-01-000008542820695,트리븐-창원분양권,https://kadeora.app/apt/%ED%8A%B8%EB%A6%AC%EB%B8%90-%EC%B0%BD%EC%9B%90,https://kadeora.app/apt/%ED%8A%B8%EB%A6%AC%EB%B8%90-%EC%B0%BD%EC%9B%90,110,off,slug키워드
1875914,yoas2:naver,cmp-a001-01-000000011002673,카더라,grp-a001-01-000000072376814,부울경_D_입주예정,nkw-a001-01-000008542820696,트리븐-창원입주,https://kadeora.app/apt/%ED%8A%B8%EB%A6%AC%EB%B8%90-%EC%B0%BD%EC%9B%90,https://kadeora.app/apt/%ED%8A%B8%EB%A6%AC%EB%B8%90-%EC%B0%BD%EC%9B%90,110,off,slug키워드
1875914,yoas2:naver,cmp-a001-01-000000011002673,카더라,grp-a001-01-000000072376814,부울경_D_입주예정,nkw-a001-01-000008542820906,해링턴-마레,https://kadeora.app/apt/%ED%95%B4%EB%A7%81%ED%84%B4-%EB%A7%88%EB%A0%88,https://kadeora.app/apt/%ED%95%B4%EB%A7%81%ED%84%B4-%EB%A7%88%EB%A0%88,110,off,slug키워드
1875914,yoas2:naver,cmp-a001-01-000000011002673,카더라,grp-a001-01-000000072376814,부울경_D_입주예정,nkw-a001-01-000008542820907,해링턴-마레분양권,https://kadeora.app/apt/%ED%95%B4%EB%A7%81%ED%84%B4-%EB%A7%88%EB%A0%88,https://kadeora.app/apt/%ED%95%B4%EB%A7%81%ED%84%B4-%EB%A7%88%EB%A0%88,110,off,slug키워드
1875914,yoas2:naver,cmp-a001-01-000000011002673,카더라,grp-a001-01-000000072376814,부울경_D_입주예정,nkw-a001-01-000008542820908,해링턴-마레입주,https://kadeora.app/apt/%ED%95%B4%EB%A7%81%ED%84%B4-%EB%A7%88%EB%A0%88,https://kadeora.app/apt/%ED%95%B4%EB%A7%81%ED%84%B4-%EB%A7%88%EB%A0%88,110,off,slug키워드
1875914,yoas2:naver,cmp-a001-01-000000011002673,카더라,grp-a001-01-000000072376823,부울경_E_정비사업_1,nkw-a001-01-000008542821507,거제-고현동-재개발,https://kadeora.app/apt/%EA%B1%B0%EC%A0%9C-%EA%B3%A0%ED%98%84%EB%8F%99-%EC%9E%AC%EA%B0%9C%EB%B0%9C,https://kadeora.app/apt/%EA%B1%B0%EC%A0%9C-%EA%B3%A0%ED%98%84%EB%8F%99-%EC%9E%AC%EA%B0%9C%EB%B0%9C,110,off,slug키워드
1875914,yoas2:naver,cmp-a001-01-000000011002673,카더라,grp-a001-01-000000072376823,부울경_E_정비사업_1,nkw-a001-01-000008542821510,거제-고현동-재개발시공사,https://kadeora.app/apt/%EA%B1%B0%EC%A0%9C-%EA%B3%A0%ED%98%84%EB%8F%99-%EC%9E%AC%EA%B0%9C%EB%B0%9C,https://kadeora.app/apt/%EA%B1%B0%EC%A0%9C-%EA%B3%A0%ED%98%84%EB%8F%99-%EC%9E%AC%EA%B0%9C%EB%B0%9C,110,off,slug키워드
1875914,yoas2:naver,cmp-a001-01-000000011002673,카더라,grp-a001-01-000000072376823,부울경_E_정비사업_1,nkw-a001-01-000008542821508,거제-고현동-재개발조합,https://kadeora.app/apt/%EA%B1%B0%EC%A0%9C-%EA%B3%A0%ED%98%84%EB%8F%99-%EC%9E%AC%EA%B0%9C%EB%B0%9C,https://kadeora.app/apt/%EA%B1%B0%EC%A0%9C-%EA%B3%A0%ED%98%84%EB%8F%99-%EC%9E%AC%EA%B0%9C%EB%B0%9C,110,off,slug키워드
1875914,yoas2:naver,cmp-a001-01-000000011002673,카더라,grp-a001-01-000000072376823,부울경_E_정비사업_1,nkw-a001-01-000008542822063,구일주택소규모-소규모재건축,https://kadeora.app/apt/%EA%B5%AC%EC%9D%BC%EC%A3%BC%ED%83%9D-%EC%86%8C%EA%B7%9C%EB%AA%A8-%EC%86%8C%EA%B7%9C%EB%AA%A8%EC%9E%AC%EA%B1%B4%EC%B6%95,https://kadeora.app/apt/%EA%B5%AC%EC%9D%BC%EC%A3%BC%ED%83%9D-%EC%86%8C%EA%B7%9C%EB%AA%A8-%EC%86%8C%EA%B7%9C%EB%AA%A8%EC%9E%AC%EA%B1%B4%EC%B6%95,110,off,slug키워드
1875914,yoas2:naver,cmp-a001-01-000000011002673,카더라,grp-a001-01-000000072376823,부울경_E_정비사업_1,nkw-a001-01-000008542822067,구일주택소규모-소규모재건축시공사,https://kadeora.app/apt/%EA%B5%AC%EC%9D%BC%EC%A3%BC%ED%83%9D-%EC%86%8C%EA%B7%9C%EB%AA%A8-%EC%86%8C%EA%B7%9C%EB%AA%A8%EC%9E%AC%EA%B1%B4%EC%B6%95,https://kadeora.app/apt/%EA%B5%AC%EC%9D%BC%EC%A3%BC%ED%83%9D-%EC%86%8C%EA%B7%9C%EB%AA%A8-%EC%86%8C%EA%B7%9C%EB%AA%A8%EC%9E%AC%EA%B1%B4%EC%B6%95,110,off,slug키워드
1875914,yoas2:naver,cmp-a001-01-000000011002673,카더라,grp-a001-01-000000072376823,부울경_E_정비사업_1,nkw-a001-01-000008542822065,구일주택소규모-소규모재건축조합,https://kadeora.app/apt/%EA%B5%AC%EC%9D%BC%EC%A3%BC%ED%83%9D-%EC%86%8C%EA%B7%9C%EB%AA%A8-%EC%86%8C%EA%B7%9C%EB%AA%A8%EC%9E%AC%EA%B1%B4%EC%B6%95,https://kadeora.app/apt/%EA%B5%AC%EC%9D%BC%EC%A3%BC%ED%83%9D-%EC%86%8C%EA%B7%9C%EB%AA%A8-%EC%86%8C%EA%B7%9C%EB%AA%A8%EC%9E%AC%EA%B1%B4%EC%B6%95,110,off,slug키워드
1875914,yoas2:naver,cmp-a001-01-000000011002673,카더라,grp-a001-01-000000072376823,부울경_E_정비사업_1,nkw-a001-01-000008542821949,남일흥아아파트-가로주택정비,https://kadeora.app/apt/%EB%82%A8%EC%9D%BC-%ED%9D%A5%EC%95%84%EC%95%84%ED%8C%8C%ED%8A%B8-%EA%B0%80%EB%A1%9C%EC%A3%BC%ED%83%9D%EC%A0%95%EB%B9%84,https://kadeora.app/apt/%EB%82%A8%EC%9D%BC-%ED%9D%A5%EC%95%84%EC%95%84%ED%8C%8C%ED%8A%B8-%EA%B0%80%EB%A1%9C%EC%A3%BC%ED%83%9D%EC%A0%95%EB%B9%84,110,off,slug키워드
1875914,yoas2:naver,cmp-a001-01-000000011002673,카더라,grp-a001-01-000000072376823,부울경_E_정비사업_1,nkw-a001-01-000008542821951,남일흥아아파트-가로주택정비시공사,https://kadeora.app/apt/%EB%82%A8%EC%9D%BC-%ED%9D%A5%EC%95%84%EC%95%84%ED%8C%8C%ED%8A%B8-%EA%B0%80%EB%A1%9C%EC%A3%BC%ED%83%9D%EC%A0%95%EB%B9%84,https://kadeora.app/apt/%EB%82%A8%EC%9D%BC-%ED%9D%A5%EC%95%84%EC%95%84%ED%8C%8C%ED%8A%B8-%EA%B0%80%EB%A1%9C%EC%A3%BC%ED%83%9D%EC%A0%95%EB%B9%84,110,off,slug키워드
1875914,yoas2:naver,cmp-a001-01-000000011002673,카더라,grp-a001-01-000000072376823,부울경_E_정비사업_1,nkw-a001-01-000008542821950,남일흥아아파트-가로주택정비조합,https://kadeora.app/apt/%EB%82%A8%EC%9D%BC-%ED%9D%A5%EC%95%84%EC%95%84%ED%8C%8C%ED%8A%B8-%EA%B0%80%EB%A1%9C%EC%A3%BC%ED%83%9D%EC%A0%95%EB%B9%84,https://kadeora.app/apt/%EB%82%A8%EC%9D%BC-%ED%9D%A5%EC%95%84%EC%95%84%ED%8C%8C%ED%8A%B8-%EA%B0%80%EB%A1%9C%EC%A3%BC%ED%83%9D%EC%A0%95%EB%B9%84,110,off,slug키워드
1875914,yoas2:naver,cmp-a001-01-000000011002673,카더라,grp-a001-01-000000072376823,부울경_E_정비사업_1,nkw-a001-01-000008542821655,부산-사직2-재건축,https://kadeora.app/apt/%EB%B6%80%EC%82%B0-%EC%82%AC%EC%A7%812-%EC%9E%AC%EA%B1%B4%EC%B6%95,https://kadeora.app/apt/%EB%B6%80%EC%82%B0-%EC%82%AC%EC%A7%812-%EC%9E%AC%EA%B1%B4%EC%B6%95,110,off,slug키워드
1875914,yoas2:naver,cmp-a001-01-000000011002673,카더라,grp-a001-01-000000072376823,부울경_E_정비사업_1,nkw-a001-01-000008542821657,부산-사직2-재건축시공사,https://kadeora.app/apt/%EB%B6%80%EC%82%B0-%EC%82%AC%EC%A7%812-%EC%9E%AC%EA%B1%B4%EC%B6%95,https://kadeora.app/apt/%EB%B6%80%EC%82%B0-%EC%82%AC%EC%A7%812-%EC%9E%AC%EA%B1%B4%EC%B6%95,110,off,slug키워드
1875914,yoas2:naver,cmp-a001-01-000000011002673,카더라,grp-a001-01-000000072376823,부울경_E_정비사업_1,nkw-a001-01-000008542821656,부산-사직2-재건축조합,https://kadeora.app/apt/%EB%B6%80%EC%82%B0-%EC%82%AC%EC%A7%812-%EC%9E%AC%EA%B1%B4%EC%B6%95,https://kadeora.app/apt/%EB%B6%80%EC%82%B0-%EC%82%AC%EC%A7%812-%EC%9E%AC%EA%B1%B4%EC%B6%95,110,off,slug키워드
1875914,yoas2:naver,cmp-a001-01-000000011002673,카더라,grp-a001-01-000000072376823,부울경_E_정비사업_1,nkw-a001-01-000008542821577,부산-해운대-재건축,https://kadeora.app/apt/%EB%B6%80%EC%82%B0-%ED%95%B4%EC%9A%B4%EB%8C%80-%EC%9E%AC%EA%B1%B4%EC%B6%95,https://kadeora.app/apt/%EB%B6%80%EC%82%B0-%ED%95%B4%EC%9A%B4%EB%8C%80-%EC%9E%AC%EA%B1%B4%EC%B6%95,110,off,slug키워드
1875914,yoas2:naver,cmp-a001-01-000000011002673,카더라,grp-a001-01-000000072376823,부울경_E_정비사업_1,nkw-a001-01-000008542821580,부산-해운대-재건축시공사,https://kadeora.app/apt/%EB%B6%80%EC%82%B0-%ED%95%B4%EC%9A%B4%EB%8C%80-%EC%9E%AC%EA%B1%B4%EC%B6%95,https://kadeora.app/apt/%EB%B6%80%EC%82%B0-%ED%95%B4%EC%9A%B4%EB%8C%80-%EC%9E%AC%EA%B1%B4%EC%B6%95,110,off,slug키워드
1875914,yoas2:naver,cmp-a001-01-000000011002673,카더라,grp-a001-01-000000072376823,부울경_E_정비사업_1,nkw-a001-01-000008542821578,부산-해운대-재건축조합,https://kadeora.app/apt/%EB%B6%80%EC%82%B0-%ED%95%B4%EC%9A%B4%EB%8C%80-%EC%9E%AC%EA%B1%B4%EC%B6%95,https://kadeora.app/apt/%EB%B6%80%EC%82%B0-%ED%95%B4%EC%9A%B4%EB%8C%80-%EC%9E%AC%EA%B1%B4%EC%B6%95,110,off,slug키워드
1875914,yoas2:naver,cmp-a001-01-000000011002673,카더라,grp-a001-01-000000072376823,부울경_E_정비사업_1,nkw-a001-01-000008542821477,사천-사천읍-재개발,https://kadeora.app/apt/%EC%82%AC%EC%B2%9C-%EC%82%AC%EC%B2%9C%EC%9D%8D-%EC%9E%AC%EA%B0%9C%EB%B0%9C,https://kadeora.app/apt/%EC%82%AC%EC%B2%9C-%EC%82%AC%EC%B2%9C%EC%9D%8D-%EC%9E%AC%EA%B0%9C%EB%B0%9C,110,off,slug키워드
1875914,yoas2:naver,cmp-a001-01-000000011002673,카더라,grp-a001-01-000000072376823,부울경_E_정비사업_1,nkw-a001-01-000008542821479,사천-사천읍-재개발시공사,https://kadeora.app/apt/%EC%82%AC%EC%B2%9C-%EC%82%AC%EC%B2%9C%EC%9D%8D-%EC%9E%AC%EA%B0%9C%EB%B0%9C,https://kadeora.app/apt/%EC%82%AC%EC%B2%9C-%EC%82%AC%EC%B2%9C%EC%9D%8D-%EC%9E%AC%EA%B0%9C%EB%B0%9C,110,off,slug키워드
1875914,yoas2:naver,cmp-a001-01-000000011002673,카더라,grp-a001-01-000000072376823,부울경_E_정비사업_1,nkw-a001-01-000008542821478,사천-사천읍-재개발조합,https://kadeora.app/apt/%EC%82%AC%EC%B2%9C-%EC%82%AC%EC%B2%9C%EC%9D%8D-%EC%9E%AC%EA%B0%9C%EB%B0%9C,https://kadeora.app/apt/%EC%82%AC%EC%B2%9C-%EC%82%AC%EC%B2%9C%EC%9D%8D-%EC%9E%AC%EA%B0%9C%EB%B0%9C,110,off,slug키워드
1875914,yoas2:naver,cmp-a001-01-000000011002673,카더라,grp-a001-01-000000072376823,부울경_E_정비사업_1,nkw-a001-01-000008542822046,진주-봉황아파트-소규모재건축,https://kadeora.app/apt/%EC%A7%84%EC%A3%BC%EB%B4%89%ED%99%A9%EC%95%84%ED%8C%8C%ED%8A%B8-%EC%86%8C%EA%B7%9C%EB%AA%A8%EC%9E%AC%EA%B1%B4%EC%B6%95,https://kadeora.app/apt/%EC%A7%84%EC%A3%BC%EB%B4%89%ED%99%A9%EC%95%84%ED%8C%8C%ED%8A%B8-%EC%86%8C%EA%B7%9C%EB%AA%A8%EC%9E%AC%EA%B1%B4%EC%B6%95,110,off,slug키워드
1875914,yoas2:naver,cmp-a001-01-000000011002673,카더라,grp-a001-01-000000072376823,부울경_E_정비사업_1,nkw-a001-01-000008542822048,진주-봉황아파트-소규모재건축시공사,https://kadeora.app/apt/%EC%A7%84%EC%A3%BC%EB%B4%89%ED%99%A9%EC%95%84%ED%8C%8C%ED%8A%B8-%EC%86%8C%EA%B7%9C%EB%AA%A8%EC%9E%AC%EA%B1%B4%EC%B6%95,https://kadeora.app/apt/%EC%A7%84%EC%A3%BC%EB%B4%89%ED%99%A9%EC%95%84%ED%8C%8C%ED%8A%B8-%EC%86%8C%EA%B7%9C%EB%AA%A8%EC%9E%AC%EA%B1%B4%EC%B6%95,110,off,slug키워드
1875914,yoas2:naver,cmp-a001-01-000000011002673,카더라,grp-a001-01-000000072376823,부울경_E_정비사업_1,nkw-a001-01-000008542822047,진주-봉황아파트-소규모재건축조합,https://kadeora.app/apt/%EC%A7%84%EC%A3%BC%EB%B4%89%ED%99%A9%EC%95%84%ED%8C%8C%ED%8A%B8-%EC%86%8C%EA%B7%9C%EB%AA%A8%EC%9E%AC%EA%B1%B4%EC%B6%95,https://kadeora.app/apt/%EC%A7%84%EC%A3%BC%EB%B4%89%ED%99%A9%EC%95%84%ED%8C%8C%ED%8A%B8-%EC%86%8C%EA%B7%9C%EB%AA%A8%EC%9E%AC%EA%B1%B4%EC%B6%95,110,off,slug키워드
1875914,yoas2:naver,cmp-a001-01-000000011002673,카더라,grp-a001-01-000000072376823,부울경_E_정비사업_1,nkw-a001-01-000008542821486,진주-칠암동-재개발,https://kadeora.app/apt/%EC%A7%84%EC%A3%BC-%EC%B9%A0%EC%95%94%EB%8F%99-%EC%9E%AC%EA%B0%9C%EB%B0%9C,https://kadeora.app/apt/%EC%A7%84%EC%A3%BC-%EC%B9%A0%EC%95%94%EB%8F%99-%EC%9E%AC%EA%B0%9C%EB%B0%9C,110,off,slug키워드
1875914,yoas2:naver,cmp-a001-01-000000011002673,카더라,grp-a001-01-000000072376823,부울경_E_정비사업_1,nkw-a001-01-000008542821489,진주-칠암동-재개발시공사,https://kadeora.app/apt/%EC%A7%84%EC%A3%BC-%EC%B9%A0%EC%95%94%EB%8F%99-%EC%9E%AC%EA%B0%9C%EB%B0%9C,https://kadeora.app/apt/%EC%A7%84%EC%A3%BC-%EC%B9%A0%EC%95%94%EB%8F%99-%EC%9E%AC%EA%B0%9C%EB%B0%9C,110,off,slug키워드
1875914,yoas2:naver,cmp-a001-01-000000011002673,카더라,grp-a001-01-000000072376823,부울경_E_정비사업_1,nkw-a001-01-000008542821487,진주-칠암동-재개발조합,https://kadeora.app/apt/%EC%A7%84%EC%A3%BC-%EC%B9%A0%EC%95%94%EB%8F%99-%EC%9E%AC%EA%B0%9C%EB%B0%9C,https://kadeora.app/apt/%EC%A7%84%EC%A3%BC-%EC%B9%A0%EC%95%94%EB%8F%99-%EC%9E%AC%EA%B0%9C%EB%B0%9C,110,off,slug키워드
1875914,yoas2:naver,cmp-a001-01-000000011002673,카더라,grp-a001-01-000000072376823,부울경_E_정비사업_1,nkw-a001-01-000008542821496,창원-반송동-재건축,https://kadeora.app/apt/%EC%B0%BD%EC%9B%90-%EB%B0%98%EC%86%A1%EB%8F%99-%EC%9E%AC%EA%B1%B4%EC%B6%95,https://kadeora.app/apt/%EC%B0%BD%EC%9B%90-%EB%B0%98%EC%86%A1%EB%8F%99-%EC%9E%AC%EA%B1%B4%EC%B6%95,110,off,slug키워드
1875914,yoas2:naver,cmp-a001-01-000000011002673,카더라,grp-a001-01-000000072376823,부울경_E_정비사업_1,nkw-a001-01-000008542821499,창원-반송동-재건축시공사,https://kadeora.app/apt/%EC%B0%BD%EC%9B%90-%EB%B0%98%EC%86%A1%EB%8F%99-%EC%9E%AC%EA%B1%B4%EC%B6%95,https://kadeora.app/apt/%EC%B0%BD%EC%9B%90-%EB%B0%98%EC%86%A1%EB%8F%99-%EC%9E%AC%EA%B1%B4%EC%B6%95,110,off,slug키워드
1875914,yoas2:naver,cmp-a001-01-000000011002673,카더라,grp-a001-01-000000072376823,부울경_E_정비사업_1,nkw-a001-01-000008542821498,창원-반송동-재건축조합,https://kadeora.app/apt/%EC%B0%BD%EC%9B%90-%EB%B0%98%EC%86%A1%EB%8F%99-%EC%9E%AC%EA%B1%B4%EC%B6%95,https://kadeora.app/apt/%EC%B0%BD%EC%9B%90-%EB%B0%98%EC%86%A1%EB%8F%99-%EC%9E%AC%EA%B1%B4%EC%B6%95,110,off,slug키워드
1875914,yoas2:naver,cmp-a001-01-000000011002673,카더라,grp-a001-01-000000072376823,부울경_E_정비사업_1,nkw-a001-01-000008542821470,창원-상남동-재건축,https://kadeora.app/apt/%EC%B0%BD%EC%9B%90-%EC%83%81%EB%82%A8%EB%8F%99-%EC%9E%AC%EA%B1%B4%EC%B6%95,https://kadeora.app/apt/%EC%B0%BD%EC%9B%90-%EC%83%81%EB%82%A8%EB%8F%99-%EC%9E%AC%EA%B1%B4%EC%B6%95,110,off,slug키워드
1875914,yoas2:naver,cmp-a001-01-000000011002673,카더라,grp-a001-01-000000072376823,부울경_E_정비사업_1,nkw-a001-01-000008542821472,창원-상남동-재건축시공사,https://kadeora.app/apt/%EC%B0%BD%EC%9B%90-%EC%83%81%EB%82%A8%EB%8F%99-%EC%9E%AC%EA%B1%B4%EC%B6%95,https://kadeora.app/apt/%EC%B0%BD%EC%9B%90-%EC%83%81%EB%82%A8%EB%8F%99-%EC%9E%AC%EA%B1%B4%EC%B6%95,110,off,slug키워드
1875914,yoas2:naver,cmp-a001-01-000000011002673,카더라,grp-a001-01-000000072376823,부울경_E_정비사업_1,nkw-a001-01-000008542821471,창원-상남동-재건축조합,https://kadeora.app/apt/%EC%B0%BD%EC%9B%90-%EC%83%81%EB%82%A8%EB%8F%99-%EC%9E%AC%EA%B1%B4%EC%B6%95,https://kadeora.app/apt/%EC%B0%BD%EC%9B%90-%EC%83%81%EB%82%A8%EB%8F%99-%EC%9E%AC%EA%B1%B4%EC%B6%95,110,off,slug키워드
1875914,yoas2:naver,cmp-a001-01-000000011002673,카더라,grp-a001-01-000000072376823,부울경_E_정비사업_1,nkw-a001-01-000008542821463,창원-중앙동-재개발,https://kadeora.app/apt/%EC%B0%BD%EC%9B%90-%EC%A4%91%EC%95%99%EB%8F%99-%EC%9E%AC%EA%B0%9C%EB%B0%9C,https://kadeora.app/apt/%EC%B0%BD%EC%9B%90-%EC%A4%91%EC%95%99%EB%8F%99-%EC%9E%AC%EA%B0%9C%EB%B0%9C,110,off,slug키워드
1875914,yoas2:naver,cmp-a001-01-000000011002673,카더라,grp-a001-01-000000072376823,부울경_E_정비사업_1,nkw-a001-01-000008542821465,창원-중앙동-재개발시공사,https://kadeora.app/apt/%EC%B0%BD%EC%9B%90-%EC%A4%91%EC%95%99%EB%8F%99-%EC%9E%AC%EA%B0%9C%EB%B0%9C,https://kadeora.app/apt/%EC%B0%BD%EC%9B%90-%EC%A4%91%EC%95%99%EB%8F%99-%EC%9E%AC%EA%B0%9C%EB%B0%9C,110,off,slug키워드
1875914,yoas2:naver,cmp-a001-01-000000011002673,카더라,grp-a001-01-000000072376823,부울경_E_정비사업_1,nkw-a001-01-000008542821464,창원-중앙동-재개발조합,https://kadeora.app/apt/%EC%B0%BD%EC%9B%90-%EC%A4%91%EC%95%99%EB%8F%99-%EC%9E%AC%EA%B0%9C%EB%B0%9C,https://kadeora.app/apt/%EC%B0%BD%EC%9B%90-%EC%A4%91%EC%95%99%EB%8F%99-%EC%9E%AC%EA%B0%9C%EB%B0%9C,110,off,slug키워드
1875914,yoas2:naver,cmp-a001-01-000000011002673,카더라,grp-a001-01-000000072376823,부울경_E_정비사업_1,nkw-a001-01-000008542821517,창원-회원1-재개발,https://kadeora.app/apt/%EC%B0%BD%EC%9B%90-%ED%9A%8C%EC%9B%901-%EC%9E%AC%EA%B0%9C%EB%B0%9C,https://kadeora.app/apt/%EC%B0%BD%EC%9B%90-%ED%9A%8C%EC%9B%901-%EC%9E%AC%EA%B0%9C%EB%B0%9C,110,off,slug키워드
1875914,yoas2:naver,cmp-a001-01-000000011002673,카더라,grp-a001-01-000000072376823,부울경_E_정비사업_1,nkw-a001-01-000008542821520,창원-회원1-재개발시공사,https://kadeora.app/apt/%EC%B0%BD%EC%9B%90-%ED%9A%8C%EC%9B%901-%EC%9E%AC%EA%B0%9C%EB%B0%9C,https://kadeora.app/apt/%EC%B0%BD%EC%9B%90-%ED%9A%8C%EC%9B%901-%EC%9E%AC%EA%B0%9C%EB%B0%9C,110,off,slug키워드
1875914,yoas2:naver,cmp-a001-01-000000011002673,카더라,grp-a001-01-000000072376823,부울경_E_정비사업_1,nkw-a001-01-000008542821519,창원-회원1-재개발조합,https://kadeora.app/apt/%EC%B0%BD%EC%9B%90-%ED%9A%8C%EC%9B%901-%EC%9E%AC%EA%B0%9C%EB%B0%9C,https://kadeora.app/apt/%EC%B0%BD%EC%9B%90-%ED%9A%8C%EC%9B%901-%EC%9E%AC%EA%B0%9C%EB%B0%9C,110,off,slug키워드
1875914,yoas2:naver,cmp-a001-01-000000011002673,카더라,grp-a001-01-000000072376823,부울경_E_정비사업_1,nkw-a001-01-000008542821530,통영-정량동-재개발,https://kadeora.app/apt/%ED%86%B5%EC%98%81-%EC%A0%95%EB%9F%89%EB%8F%99-%EC%9E%AC%EA%B0%9C%EB%B0%9C,https://kadeora.app/apt/%ED%86%B5%EC%98%81-%EC%A0%95%EB%9F%89%EB%8F%99-%EC%9E%AC%EA%B0%9C%EB%B0%9C,110,off,slug키워드
1875914,yoas2:naver,cmp-a001-01-000000011002673,카더라,grp-a001-01-000000072376823,부울경_E_정비사업_1,nkw-a001-01-000008542821533,통영-정량동-재개발시공사,https://kadeora.app/apt/%ED%86%B5%EC%98%81-%EC%A0%95%EB%9F%89%EB%8F%99-%EC%9E%AC%EA%B0%9C%EB%B0%9C,https://kadeora.app/apt/%ED%86%B5%EC%98%81-%EC%A0%95%EB%9F%89%EB%8F%99-%EC%9E%AC%EA%B0%9C%EB%B0%9C,110,off,slug키워드
1875914,yoas2:naver,cmp-a001-01-000000011002673,카더라,grp-a001-01-000000072376823,부울경_E_정비사업_1,nkw-a001-01-000008542821531,통영-정량동-재개발조합,https://kadeora.app/apt/%ED%86%B5%EC%98%81-%EC%A0%95%EB%9F%89%EB%8F%99-%EC%9E%AC%EA%B0%9C%EB%B0%9C,https://kadeora.app/apt/%ED%86%B5%EC%98%81-%EC%A0%95%EB%9F%89%EB%8F%99-%EC%9E%AC%EA%B0%9C%EB%B0%9C,110,off,slug키워드
1875914,yoas2:naver,cmp-a001-01-000000011002673,카더라,grp-a001-01-000000072376826,부울경_E_정비사업_2,nkw-a001-01-000008542823459,울산-남구-야음동-재건축,https://kadeora.app/apt/%EC%9A%B8%EC%82%B0-%EB%82%A8%EA%B5%AC-%EC%95%BC%EC%9D%8C%EB%8F%99-%EC%9E%AC%EA%B1%B4%EC%B6%95,https://kadeora.app/apt/%EC%9A%B8%EC%82%B0-%EB%82%A8%EA%B5%AC-%EC%95%BC%EC%9D%8C%EB%8F%99-%EC%9E%AC%EA%B1%B4%EC%B6%95,110,off,slug키워드
1875914,yoas2:naver,cmp-a001-01-000000011002673,카더라,grp-a001-01-000000072376826,부울경_E_정비사업_2,nkw-a001-01-000008542823461,울산-남구-야음동-재건축시공사,https://kadeora.app/apt/%EC%9A%B8%EC%82%B0-%EB%82%A8%EA%B5%AC-%EC%95%BC%EC%9D%8C%EB%8F%99-%EC%9E%AC%EA%B1%B4%EC%B6%95,https://kadeora.app/apt/%EC%9A%B8%EC%82%B0-%EB%82%A8%EA%B5%AC-%EC%95%BC%EC%9D%8C%EB%8F%99-%EC%9E%AC%EA%B1%B4%EC%B6%95,110,off,slug키워드
1875914,yoas2:naver,cmp-a001-01-000000011002673,카더라,grp-a001-01-000000072376826,부울경_E_정비사업_2,nkw-a001-01-000008542823460,울산-남구-야음동-재건축조합,https://kadeora.app/apt/%EC%9A%B8%EC%82%B0-%EB%82%A8%EA%B5%AC-%EC%95%BC%EC%9D%8C%EB%8F%99-%EC%9E%AC%EA%B1%B4%EC%B6%95,https://kadeora.app/apt/%EC%9A%B8%EC%82%B0-%EB%82%A8%EA%B5%AC-%EC%95%BC%EC%9D%8C%EB%8F%99-%EC%9E%AC%EA%B1%B4%EC%B6%95,110,off,slug키워드
1875914,yoas2:naver,cmp-a001-01-000000011002673,카더라,grp-a001-01-000000072376826,부울경_E_정비사업_2,nkw-a001-01-000008542823424,울산-동구-일산동-재개발,https://kadeora.app/apt/%EC%9A%B8%EC%82%B0-%EB%8F%99%EA%B5%AC-%EC%9D%BC%EC%82%B0%EB%8F%99-%EC%9E%AC%EA%B0%9C%EB%B0%9C,https://kadeora.app/apt/%EC%9A%B8%EC%82%B0-%EB%8F%99%EA%B5%AC-%EC%9D%BC%EC%82%B0%EB%8F%99-%EC%9E%AC%EA%B0%9C%EB%B0%9C,110,off,slug키워드
1875914,yoas2:naver,cmp-a001-01-000000011002673,카더라,grp-a001-01-000000072376826,부울경_E_정비사업_2,nkw-a001-01-000008542823426,울산-동구-일산동-재개발시공사,https://kadeora.app/apt/%EC%9A%B8%EC%82%B0-%EB%8F%99%EA%B5%AC-%EC%9D%BC%EC%82%B0%EB%8F%99-%EC%9E%AC%EA%B0%9C%EB%B0%9C,https://kadeora.app/apt/%EC%9A%B8%EC%82%B0-%EB%8F%99%EA%B5%AC-%EC%9D%BC%EC%82%B0%EB%8F%99-%EC%9E%AC%EA%B0%9C%EB%B0%9C,110,off,slug키워드
1875914,yoas2:naver,cmp-a001-01-000000011002673,카더라,grp-a001-01-000000072376826,부울경_E_정비사업_2,nkw-a001-01-000008542823425,울산-동구-일산동-재개발조합,https://kadeora.app/apt/%EC%9A%B8%EC%82%B0-%EB%8F%99%EA%B5%AC-%EC%9D%BC%EC%82%B0%EB%8F%99-%EC%9E%AC%EA%B0%9C%EB%B0%9C,https://kadeora.app/apt/%EC%9A%B8%EC%82%B0-%EB%8F%99%EA%B5%AC-%EC%9D%BC%EC%82%B0%EB%8F%99-%EC%9E%AC%EA%B0%9C%EB%B0%9C,110,off,slug키워드
1875914,yoas2:naver,cmp-a001-01-000000011002673,카더라,grp-a001-01-000000072376826,부울경_E_정비사업_2,nkw-a001-01-000008542823483,울산-삼산동-재건축,https://kadeora.app/apt/%EC%9A%B8%EC%82%B0-%EC%82%BC%EC%82%B0%EB%8F%99-%EC%9E%AC%EA%B1%B4%EC%B6%95,https://kadeora.app/apt/%EC%9A%B8%EC%82%B0-%EC%82%BC%EC%82%B0%EB%8F%99-%EC%9E%AC%EA%B1%B4%EC%B6%95,110,off,slug키워드
1875914,yoas2:naver,cmp-a001-01-000000011002673,카더라,grp-a001-01-000000072376826,부울경_E_정비사업_2,nkw-a001-01-000008542823485,울산-삼산동-재건축시공사,https://kadeora.app/apt/%EC%9A%B8%EC%82%B0-%EC%82%BC%EC%82%B0%EB%8F%99-%EC%9E%AC%EA%B1%B4%EC%B6%95,https://kadeora.app/apt/%EC%9A%B8%EC%82%B0-%EC%82%BC%EC%82%B0%EB%8F%99-%EC%9E%AC%EA%B1%B4%EC%B6%95,110,off,slug키워드
1875914,yoas2:naver,cmp-a001-01-000000011002673,카더라,grp-a001-01-000000072376826,부울경_E_정비사업_2,nkw-a001-01-000008542823484,울산-삼산동-재건축조합,https://kadeora.app/apt/%EC%9A%B8%EC%82%B0-%EC%82%BC%EC%82%B0%EB%8F%99-%EC%9E%AC%EA%B1%B4%EC%B6%95,https://kadeora.app/apt/%EC%9A%B8%EC%82%B0-%EC%82%BC%EC%82%B0%EB%8F%99-%EC%9E%AC%EA%B1%B4%EC%B6%95,110,off,slug키워드
1875914,yoas2:naver,cmp-a001-01-000000011002673,카더라,grp-a001-01-000000072353971,C_정비사업,nkw-a001-01-000008540647860,양산물금재건축,https://kadeora.app/apt/%EC%96%91%EC%82%B0-%EB%AC%BC%EA%B8%88-%EC%9E%AC%EA%B1%B4%EC%B6%95,https://kadeora.app/apt/%EC%96%91%EC%82%B0-%EB%AC%BC%EA%B8%88-%EC%9E%AC%EA%B1%B4%EC%B6%95,80,off,비활성현장
1875914,yoas2:naver,cmp-a001-01-000000011002673,카더라,grp-a001-01-000000072353971,C_정비사업,nkw-a001-01-000008540647863,양산물금재건축분양,https://kadeora.app/apt/%EC%96%91%EC%82%B0-%EB%AC%BC%EA%B8%88-%EC%9E%AC%EA%B1%B4%EC%B6%95,https://kadeora.app/apt/%EC%96%91%EC%82%B0-%EB%AC%BC%EA%B8%88-%EC%9E%AC%EA%B1%B4%EC%B6%95,80,off,비활성현장
1875914,yoas2:naver,cmp-a001-01-000000011002673,카더라,grp-a001-01-000000072353971,C_정비사업,nkw-a001-01-000008540647864,양산물금재건축분양가,https://kadeora.app/apt/%EC%96%91%EC%82%B0-%EB%AC%BC%EA%B8%88-%EC%9E%AC%EA%B1%B4%EC%B6%95,https://kadeora.app/apt/%EC%96%91%EC%82%B0-%EB%AC%BC%EA%B8%88-%EC%9E%AC%EA%B1%B4%EC%B6%95,80,off,비활성현장
1875914,yoas2:naver,cmp-a001-01-000000011002673,카더라,grp-a001-01-000000072353971,C_정비사업,nkw-a001-01-000008540647862,양산물금재건축시공사,https://kadeora.app/apt/%EC%96%91%EC%82%B0-%EB%AC%BC%EA%B8%88-%EC%9E%AC%EA%B1%B4%EC%B6%95,https://kadeora.app/apt/%EC%96%91%EC%82%B0-%EB%AC%BC%EA%B8%88-%EC%9E%AC%EA%B1%B4%EC%B6%95,80,off,비활성현장
1875914,yoas2:naver,cmp-a001-01-000000011002673,카더라,grp-a001-01-000000072353971,C_정비사업,nkw-a001-01-000008540647861,양산물금재건축조합,https://kadeora.app/apt/%EC%96%91%EC%82%B0-%EB%AC%BC%EA%B8%88-%EC%9E%AC%EA%B1%B4%EC%B6%95,https://kadeora.app/apt/%EC%96%91%EC%82%B0-%EB%AC%BC%EA%B8%88-%EC%9E%AC%EA%B1%B4%EC%B6%95,80,off,비활성현장
1875914,yoas2:naver,cmp-a001-01-000000011002673,카더라,grp-a001-01-000000072353948,B_입주예정,nkw-a001-01-000008540646626,E편한세상번영로리더스포레,https://kadeora.app/apt/e%ED%8E%B8%ED%95%9C%EC%84%B8%EC%83%81-%EB%B2%88%EC%98%81%EB%A1%9C-%EB%A6%AC%EB%8D%94%EC%8A%A4%ED%8F%AC%EB%A0%88,https://kadeora.app/apt/e%ED%8E%B8%ED%95%9C%EC%84%B8%EC%83%81-%EB%B2%88%EC%98%81%EB%A1%9C-%EB%A6%AC%EB%8D%94%EC%8A%A4%ED%8F%AC%EB%A0%88,80,off,중복40
1875914,yoas2:naver,cmp-a001-01-000000011002673,카더라,grp-a001-01-000000072353948,B_입주예정,nkw-a001-01-000008540646627,E편한세상번영로리더스포레분양권,https://kadeora.app/apt/e%ED%8E%B8%ED%95%9C%EC%84%B8%EC%83%81-%EB%B2%88%EC%98%81%EB%A1%9C-%EB%A6%AC%EB%8D%94%EC%8A%A4%ED%8F%AC%EB%A0%88,https://kadeora.app/apt/e%ED%8E%B8%ED%95%9C%EC%84%B8%EC%83%81-%EB%B2%88%EC%98%81%EB%A1%9C-%EB%A6%AC%EB%8D%94%EC%8A%A4%ED%8F%AC%EB%A0%88,80,off,중복40
1875914,yoas2:naver,cmp-a001-01-000000011002673,카더라,grp-a001-01-000000072353948,B_입주예정,nkw-a001-01-000008540646629,E편한세상번영로리더스포레시세,https://kadeora.app/apt/e%ED%8E%B8%ED%95%9C%EC%84%B8%EC%83%81-%EB%B2%88%EC%98%81%EB%A1%9C-%EB%A6%AC%EB%8D%94%EC%8A%A4%ED%8F%AC%EB%A0%88,https://kadeora.app/apt/e%ED%8E%B8%ED%95%9C%EC%84%B8%EC%83%81-%EB%B2%88%EC%98%81%EB%A1%9C-%EB%A6%AC%EB%8D%94%EC%8A%A4%ED%8F%AC%EB%A0%88,80,off,중복40
1875914,yoas2:naver,cmp-a001-01-000000011002673,카더라,grp-a001-01-000000072353948,B_입주예정,nkw-a001-01-000008540646630,E편한세상번영로리더스포레실거래가,https://kadeora.app/apt/e%ED%8E%B8%ED%95%9C%EC%84%B8%EC%83%81-%EB%B2%88%EC%98%81%EB%A1%9C-%EB%A6%AC%EB%8D%94%EC%8A%A4%ED%8F%AC%EB%A0%88,https://kadeora.app/apt/e%ED%8E%B8%ED%95%9C%EC%84%B8%EC%83%81-%EB%B2%88%EC%98%81%EB%A1%9C-%EB%A6%AC%EB%8D%94%EC%8A%A4%ED%8F%AC%EB%A0%88,80,off,중복40
1875914,yoas2:naver,cmp-a001-01-000000011002673,카더라,grp-a001-01-000000072353948,B_입주예정,nkw-a001-01-000008540646628,E편한세상번영로리더스포레입주,https://kadeora.app/apt/e%ED%8E%B8%ED%95%9C%EC%84%B8%EC%83%81-%EB%B2%88%EC%98%81%EB%A1%9C-%EB%A6%AC%EB%8D%94%EC%8A%A4%ED%8F%AC%EB%A0%88,https://kadeora.app/apt/e%ED%8E%B8%ED%95%9C%EC%84%B8%EC%83%81-%EB%B2%88%EC%98%81%EB%A1%9C-%EB%A6%AC%EB%8D%94%EC%8A%A4%ED%8F%AC%EB%A0%88,80,off,중복40
1875914,yoas2:naver,cmp-a001-01-000000011002673,카더라,grp-a001-01-000000072353948,B_입주예정,nkw-a001-01-000008540646633,E편한세상번영로리더스포레입주일,https://kadeora.app/apt/e%ED%8E%B8%ED%95%9C%EC%84%B8%EC%83%81-%EB%B2%88%EC%98%81%EB%A1%9C-%EB%A6%AC%EB%8D%94%EC%8A%A4%ED%8F%AC%EB%A0%88,https://kadeora.app/apt/e%ED%8E%B8%ED%95%9C%EC%84%B8%EC%83%81-%EB%B2%88%EC%98%81%EB%A1%9C-%EB%A6%AC%EB%8D%94%EC%8A%A4%ED%8F%AC%EB%A0%88,80,off,중복40
1875914,yoas2:naver,cmp-a001-01-000000011002673,카더라,grp-a001-01-000000072353948,B_입주예정,nkw-a001-01-000008540646631,E편한세상번영로리더스포레평면도,https://kadeora.app/apt/e%ED%8E%B8%ED%95%9C%EC%84%B8%EC%83%81-%EB%B2%88%EC%98%81%EB%A1%9C-%EB%A6%AC%EB%8D%94%EC%8A%A4%ED%8F%AC%EB%A0%88,https://kadeora.app/apt/e%ED%8E%B8%ED%95%9C%EC%84%B8%EC%83%81-%EB%B2%88%EC%98%81%EB%A1%9C-%EB%A6%AC%EB%8D%94%EC%8A%A4%ED%8F%AC%EB%A0%88,80,off,중복40
1875914,yoas2:naver,cmp-a001-01-000000011002673,카더라,grp-a001-01-000000072353948,B_입주예정,nkw-a001-01-000008540646632,E편한세상번영로리더스포레프리미엄,https://kadeora.app/apt/e%ED%8E%B8%ED%95%9C%EC%84%B8%EC%83%81-%EB%B2%88%EC%98%81%EB%A1%9C-%EB%A6%AC%EB%8D%94%EC%8A%A4%ED%8F%AC%EB%A0%88,https://kadeora.app/apt/e%ED%8E%B8%ED%95%9C%EC%84%B8%EC%83%81-%EB%B2%88%EC%98%81%EB%A1%9C-%EB%A6%AC%EB%8D%94%EC%8A%A4%ED%8F%AC%EB%A0%88,80,off,중복40
1875914,yoas2:naver,cmp-a001-01-000000011002673,카더라,grp-a001-01-000000072353948,B_입주예정,nkw-a001-01-000008540645863,E편한세상범일국제금융시티,https://kadeora.app/apt/e%ED%8E%B8%ED%95%9C%EC%84%B8%EC%83%81-%EB%B2%94%EC%9D%BC-%EA%B5%AD%EC%A0%9C%EA%B8%88%EC%9C%B5%EC%8B%9C%ED%8B%B0,https://kadeora.app/apt/e%ED%8E%B8%ED%95%9C%EC%84%B8%EC%83%81-%EB%B2%94%EC%9D%BC-%EA%B5%AD%EC%A0%9C%EA%B8%88%EC%9C%B5%EC%8B%9C%ED%8B%B0,80,off,중복40
1875914,yoas2:naver,cmp-a001-01-000000011002673,카더라,grp-a001-01-000000072353948,B_입주예정,nkw-a001-01-000008540645864,E편한세상범일국제금융시티분양권,https://kadeora.app/apt/e%ED%8E%B8%ED%95%9C%EC%84%B8%EC%83%81-%EB%B2%94%EC%9D%BC-%EA%B5%AD%EC%A0%9C%EA%B8%88%EC%9C%B5%EC%8B%9C%ED%8B%B0,https://kadeora.app/apt/e%ED%8E%B8%ED%95%9C%EC%84%B8%EC%83%81-%EB%B2%94%EC%9D%BC-%EA%B5%AD%EC%A0%9C%EA%B8%88%EC%9C%B5%EC%8B%9C%ED%8B%B0,80,off,중복40
1875914,yoas2:naver,cmp-a001-01-000000011002673,카더라,grp-a001-01-000000072353948,B_입주예정,nkw-a001-01-000008540645866,E편한세상범일국제금융시티시세,https://kadeora.app/apt/e%ED%8E%B8%ED%95%9C%EC%84%B8%EC%83%81-%EB%B2%94%EC%9D%BC-%EA%B5%AD%EC%A0%9C%EA%B8%88%EC%9C%B5%EC%8B%9C%ED%8B%B0,https://kadeora.app/apt/e%ED%8E%B8%ED%95%9C%EC%84%B8%EC%83%81-%EB%B2%94%EC%9D%BC-%EA%B5%AD%EC%A0%9C%EA%B8%88%EC%9C%B5%EC%8B%9C%ED%8B%B0,80,off,중복40
1875914,yoas2:naver,cmp-a001-01-000000011002673,카더라,grp-a001-01-000000072353948,B_입주예정,nkw-a001-01-000008540645867,E편한세상범일국제금융시티실거래가,https://kadeora.app/apt/e%ED%8E%B8%ED%95%9C%EC%84%B8%EC%83%81-%EB%B2%94%EC%9D%BC-%EA%B5%AD%EC%A0%9C%EA%B8%88%EC%9C%B5%EC%8B%9C%ED%8B%B0,https://kadeora.app/apt/e%ED%8E%B8%ED%95%9C%EC%84%B8%EC%83%81-%EB%B2%94%EC%9D%BC-%EA%B5%AD%EC%A0%9C%EA%B8%88%EC%9C%B5%EC%8B%9C%ED%8B%B0,80,off,중복40
1875914,yoas2:naver,cmp-a001-01-000000011002673,카더라,grp-a001-01-000000072353948,B_입주예정,nkw-a001-01-000008540645865,E편한세상범일국제금융시티입주,https://kadeora.app/apt/e%ED%8E%B8%ED%95%9C%EC%84%B8%EC%83%81-%EB%B2%94%EC%9D%BC-%EA%B5%AD%EC%A0%9C%EA%B8%88%EC%9C%B5%EC%8B%9C%ED%8B%B0,https://kadeora.app/apt/e%ED%8E%B8%ED%95%9C%EC%84%B8%EC%83%81-%EB%B2%94%EC%9D%BC-%EA%B5%AD%EC%A0%9C%EA%B8%88%EC%9C%B5%EC%8B%9C%ED%8B%B0,80,off,중복40
1875914,yoas2:naver,cmp-a001-01-000000011002673,카더라,grp-a001-01-000000072353948,B_입주예정,nkw-a001-01-000008540645870,E편한세상범일국제금융시티입주일,https://kadeora.app/apt/e%ED%8E%B8%ED%95%9C%EC%84%B8%EC%83%81-%EB%B2%94%EC%9D%BC-%EA%B5%AD%EC%A0%9C%EA%B8%88%EC%9C%B5%EC%8B%9C%ED%8B%B0,https://kadeora.app/apt/e%ED%8E%B8%ED%95%9C%EC%84%B8%EC%83%81-%EB%B2%94%EC%9D%BC-%EA%B5%AD%EC%A0%9C%EA%B8%88%EC%9C%B5%EC%8B%9C%ED%8B%B0,80,off,중복40
1875914,yoas2:naver,cmp-a001-01-000000011002673,카더라,grp-a001-01-000000072353948,B_입주예정,nkw-a001-01-000008540645868,E편한세상범일국제금융시티평면도,https://kadeora.app/apt/e%ED%8E%B8%ED%95%9C%EC%84%B8%EC%83%81-%EB%B2%94%EC%9D%BC-%EA%B5%AD%EC%A0%9C%EA%B8%88%EC%9C%B5%EC%8B%9C%ED%8B%B0,https://kadeora.app/apt/e%ED%8E%B8%ED%95%9C%EC%84%B8%EC%83%81-%EB%B2%94%EC%9D%BC-%EA%B5%AD%EC%A0%9C%EA%B8%88%EC%9C%B5%EC%8B%9C%ED%8B%B0,80,off,중복40
1875914,yoas2:naver,cmp-a001-01-000000011002673,카더라,grp-a001-01-000000072353948,B_입주예정,nkw-a001-01-000008540645869,E편한세상범일국제금융시티프리미엄,https://kadeora.app/apt/e%ED%8E%B8%ED%95%9C%EC%84%B8%EC%83%81-%EB%B2%94%EC%9D%BC-%EA%B5%AD%EC%A0%9C%EA%B8%88%EC%9C%B5%EC%8B%9C%ED%8B%B0,https://kadeora.app/apt/e%ED%8E%B8%ED%95%9C%EC%84%B8%EC%83%81-%EB%B2%94%EC%9D%BC-%EA%B5%AD%EC%A0%9C%EA%B8%88%EC%9C%B5%EC%8B%9C%ED%8B%B0,80,off,중복40
1875914,yoas2:naver,cmp-a001-01-000000011002673,카더라,grp-a001-01-000000072353948,B_입주예정,nkw-a001-01-000008540645983,E편한세상센텀하이베뉴,https://kadeora.app/apt/e%ED%8E%B8%ED%95%9C%EC%84%B8%EC%83%81-%EC%84%BC%ED%85%80-%ED%95%98%EC%9D%B4%EB%B2%A0%EB%89%B4,https://kadeora.app/apt/e%ED%8E%B8%ED%95%9C%EC%84%B8%EC%83%81-%EC%84%BC%ED%85%80-%ED%95%98%EC%9D%B4%EB%B2%A0%EB%89%B4,80,off,중복40
1875914,yoas2:naver,cmp-a001-01-000000011002673,카더라,grp-a001-01-000000072353948,B_입주예정,nkw-a001-01-000008540645985,E편한세상센텀하이베뉴분양권,https://kadeora.app/apt/e%ED%8E%B8%ED%95%9C%EC%84%B8%EC%83%81-%EC%84%BC%ED%85%80-%ED%95%98%EC%9D%B4%EB%B2%A0%EB%89%B4,https://kadeora.app/apt/e%ED%8E%B8%ED%95%9C%EC%84%B8%EC%83%81-%EC%84%BC%ED%85%80-%ED%95%98%EC%9D%B4%EB%B2%A0%EB%89%B4,80,off,중복40
1875914,yoas2:naver,cmp-a001-01-000000011002673,카더라,grp-a001-01-000000072353948,B_입주예정,nkw-a001-01-000008540645988,E편한세상센텀하이베뉴시세,https://kadeora.app/apt/e%ED%8E%B8%ED%95%9C%EC%84%B8%EC%83%81-%EC%84%BC%ED%85%80-%ED%95%98%EC%9D%B4%EB%B2%A0%EB%89%B4,https://kadeora.app/apt/e%ED%8E%B8%ED%95%9C%EC%84%B8%EC%83%81-%EC%84%BC%ED%85%80-%ED%95%98%EC%9D%B4%EB%B2%A0%EB%89%B4,80,off,중복40
1875914,yoas2:naver,cmp-a001-01-000000011002673,카더라,grp-a001-01-000000072353948,B_입주예정,nkw-a001-01-000008540645989,E편한세상센텀하이베뉴실거래가,https://kadeora.app/apt/e%ED%8E%B8%ED%95%9C%EC%84%B8%EC%83%81-%EC%84%BC%ED%85%80-%ED%95%98%EC%9D%B4%EB%B2%A0%EB%89%B4,https://kadeora.app/apt/e%ED%8E%B8%ED%95%9C%EC%84%B8%EC%83%81-%EC%84%BC%ED%85%80-%ED%95%98%EC%9D%B4%EB%B2%A0%EB%89%B4,80,off,중복40
1875914,yoas2:naver,cmp-a001-01-000000011002673,카더라,grp-a001-01-000000072353948,B_입주예정,nkw-a001-01-000008540645986,E편한세상센텀하이베뉴입주,https://kadeora.app/apt/e%ED%8E%B8%ED%95%9C%EC%84%B8%EC%83%81-%EC%84%BC%ED%85%80-%ED%95%98%EC%9D%B4%EB%B2%A0%EB%89%B4,https://kadeora.app/apt/e%ED%8E%B8%ED%95%9C%EC%84%B8%EC%83%81-%EC%84%BC%ED%85%80-%ED%95%98%EC%9D%B4%EB%B2%A0%EB%89%B4,80,off,중복40
1875914,yoas2:naver,cmp-a001-01-000000011002673,카더라,grp-a001-01-000000072353948,B_입주예정,nkw-a001-01-000008540645994,E편한세상센텀하이베뉴입주일,https://kadeora.app/apt/e%ED%8E%B8%ED%95%9C%EC%84%B8%EC%83%81-%EC%84%BC%ED%85%80-%ED%95%98%EC%9D%B4%EB%B2%A0%EB%89%B4,https://kadeora.app/apt/e%ED%8E%B8%ED%95%9C%EC%84%B8%EC%83%81-%EC%84%BC%ED%85%80-%ED%95%98%EC%9D%B4%EB%B2%A0%EB%89%B4,80,off,중복40
1875914,yoas2:naver,cmp-a001-01-000000011002673,카더라,grp-a001-01-000000072353948,B_입주예정,nkw-a001-01-000008540645991,E편한세상센텀하이베뉴평면도,https://kadeora.app/apt/e%ED%8E%B8%ED%95%9C%EC%84%B8%EC%83%81-%EC%84%BC%ED%85%80-%ED%95%98%EC%9D%B4%EB%B2%A0%EB%89%B4,https://kadeora.app/apt/e%ED%8E%B8%ED%95%9C%EC%84%B8%EC%83%81-%EC%84%BC%ED%85%80-%ED%95%98%EC%9D%B4%EB%B2%A0%EB%89%B4,80,off,중복40
1875914,yoas2:naver,cmp-a001-01-000000011002673,카더라,grp-a001-01-000000072353948,B_입주예정,nkw-a001-01-000008540645993,E편한세상센텀하이베뉴프리미엄,https://kadeora.app/apt/e%ED%8E%B8%ED%95%9C%EC%84%B8%EC%83%81-%EC%84%BC%ED%85%80-%ED%95%98%EC%9D%B4%EB%B2%A0%EB%89%B4,https://kadeora.app/apt/e%ED%8E%B8%ED%95%9C%EC%84%B8%EC%83%81-%EC%84%BC%ED%85%80-%ED%95%98%EC%9D%B4%EB%B2%A0%EB%89%B4,80,off,중복40
1875914,yoas2:naver,cmp-a001-01-000000011002673,카더라,grp-a001-01-000000072353948,B_입주예정,nkw-a001-01-000008540646682,E편한세상신정스카이하임,https://kadeora.app/apt/e%ED%8E%B8%ED%95%9C%EC%84%B8%EC%83%81-%EC%8B%A0%EC%A0%95-%EC%8A%A4%EC%B9%B4%EC%9D%B4%ED%95%98%EC%9E%84,https://kadeora.app/apt/e%ED%8E%B8%ED%95%9C%EC%84%B8%EC%83%81-%EC%8B%A0%EC%A0%95-%EC%8A%A4%EC%B9%B4%EC%9D%B4%ED%95%98%EC%9E%84,80,off,중복40
1875914,yoas2:naver,cmp-a001-01-000000011002673,카더라,grp-a001-01-000000072353948,B_입주예정,nkw-a001-01-000008540646683,E편한세상신정스카이하임분양권,https://kadeora.app/apt/e%ED%8E%B8%ED%95%9C%EC%84%B8%EC%83%81-%EC%8B%A0%EC%A0%95-%EC%8A%A4%EC%B9%B4%EC%9D%B4%ED%95%98%EC%9E%84,https://kadeora.app/apt/e%ED%8E%B8%ED%95%9C%EC%84%B8%EC%83%81-%EC%8B%A0%EC%A0%95-%EC%8A%A4%EC%B9%B4%EC%9D%B4%ED%95%98%EC%9E%84,80,off,중복40
1875914,yoas2:naver,cmp-a001-01-000000011002673,카더라,grp-a001-01-000000072353948,B_입주예정,nkw-a001-01-000008540646685,E편한세상신정스카이하임시세,https://kadeora.app/apt/e%ED%8E%B8%ED%95%9C%EC%84%B8%EC%83%81-%EC%8B%A0%EC%A0%95-%EC%8A%A4%EC%B9%B4%EC%9D%B4%ED%95%98%EC%9E%84,https://kadeora.app/apt/e%ED%8E%B8%ED%95%9C%EC%84%B8%EC%83%81-%EC%8B%A0%EC%A0%95-%EC%8A%A4%EC%B9%B4%EC%9D%B4%ED%95%98%EC%9E%84,80,off,중복40
1875914,yoas2:naver,cmp-a001-01-000000011002673,카더라,grp-a001-01-000000072353948,B_입주예정,nkw-a001-01-000008540646686,E편한세상신정스카이하임실거래가,https://kadeora.app/apt/e%ED%8E%B8%ED%95%9C%EC%84%B8%EC%83%81-%EC%8B%A0%EC%A0%95-%EC%8A%A4%EC%B9%B4%EC%9D%B4%ED%95%98%EC%9E%84,https://kadeora.app/apt/e%ED%8E%B8%ED%95%9C%EC%84%B8%EC%83%81-%EC%8B%A0%EC%A0%95-%EC%8A%A4%EC%B9%B4%EC%9D%B4%ED%95%98%EC%9E%84,80,off,중복40
1875914,yoas2:naver,cmp-a001-01-000000011002673,카더라,grp-a001-01-000000072353948,B_입주예정,nkw-a001-01-000008540646684,E편한세상신정스카이하임입주,https://kadeora.app/apt/e%ED%8E%B8%ED%95%9C%EC%84%B8%EC%83%81-%EC%8B%A0%EC%A0%95-%EC%8A%A4%EC%B9%B4%EC%9D%B4%ED%95%98%EC%9E%84,https://kadeora.app/apt/e%ED%8E%B8%ED%95%9C%EC%84%B8%EC%83%81-%EC%8B%A0%EC%A0%95-%EC%8A%A4%EC%B9%B4%EC%9D%B4%ED%95%98%EC%9E%84,80,off,중복40
1875914,yoas2:naver,cmp-a001-01-000000011002673,카더라,grp-a001-01-000000072353948,B_입주예정,nkw-a001-01-000008540646689,E편한세상신정스카이하임입주일,https://kadeora.app/apt/e%ED%8E%B8%ED%95%9C%EC%84%B8%EC%83%81-%EC%8B%A0%EC%A0%95-%EC%8A%A4%EC%B9%B4%EC%9D%B4%ED%95%98%EC%9E%84,https://kadeora.app/apt/e%ED%8E%B8%ED%95%9C%EC%84%B8%EC%83%81-%EC%8B%A0%EC%A0%95-%EC%8A%A4%EC%B9%B4%EC%9D%B4%ED%95%98%EC%9E%84,80,off,중복40
1875914,yoas2:naver,cmp-a001-01-000000011002673,카더라,grp-a001-01-000000072353948,B_입주예정,nkw-a001-01-000008540646687,E편한세상신정스카이하임평면도,https://kadeora.app/apt/e%ED%8E%B8%ED%95%9C%EC%84%B8%EC%83%81-%EC%8B%A0%EC%A0%95-%EC%8A%A4%EC%B9%B4%EC%9D%B4%ED%95%98%EC%9E%84,https://kadeora.app/apt/e%ED%8E%B8%ED%95%9C%EC%84%B8%EC%83%81-%EC%8B%A0%EC%A0%95-%EC%8A%A4%EC%B9%B4%EC%9D%B4%ED%95%98%EC%9E%84,80,off,중복40
1875914,yoas2:naver,cmp-a001-01-000000011002673,카더라,grp-a001-01-000000072353948,B_입주예정,nkw-a001-01-000008540646688,E편한세상신정스카이하임프리미엄,https://kadeora.app/apt/e%ED%8E%B8%ED%95%9C%EC%84%B8%EC%83%81-%EC%8B%A0%EC%A0%95-%EC%8A%A4%EC%B9%B4%EC%9D%B4%ED%95%98%EC%9E%84,https://kadeora.app/apt/e%ED%8E%B8%ED%95%9C%EC%84%B8%EC%83%81-%EC%8B%A0%EC%A0%95-%EC%8A%A4%EC%B9%B4%EC%9D%B4%ED%95%98%EC%9E%84,80,off,중복40
1875914,yoas2:naver,cmp-a001-01-000000011002673,카더라,grp-a001-01-000000072353948,B_입주예정,nkw-a001-01-000008540646610,옥동경남아너스빌UBC,https://kadeora.app/apt/%EC%98%A5%EB%8F%99-%EA%B2%BD%EB%82%A8%EC%95%84%EB%84%88%EC%8A%A4%EB%B9%8C-ubc,https://kadeora.app/apt/%EC%98%A5%EB%8F%99-%EA%B2%BD%EB%82%A8%EC%95%84%EB%84%88%EC%8A%A4%EB%B9%8C-ubc,80,off,중복40
1875914,yoas2:naver,cmp-a001-01-000000011002673,카더라,grp-a001-01-000000072353948,B_입주예정,nkw-a001-01-000008540646611,옥동경남아너스빌UBC분양권,https://kadeora.app/apt/%EC%98%A5%EB%8F%99-%EA%B2%BD%EB%82%A8%EC%95%84%EB%84%88%EC%8A%A4%EB%B9%8C-ubc,https://kadeora.app/apt/%EC%98%A5%EB%8F%99-%EA%B2%BD%EB%82%A8%EC%95%84%EB%84%88%EC%8A%A4%EB%B9%8C-ubc,80,off,중복40
1875914,yoas2:naver,cmp-a001-01-000000011002673,카더라,grp-a001-01-000000072353948,B_입주예정,nkw-a001-01-000008540646613,옥동경남아너스빌UBC시세,https://kadeora.app/apt/%EC%98%A5%EB%8F%99-%EA%B2%BD%EB%82%A8%EC%95%84%EB%84%88%EC%8A%A4%EB%B9%8C-ubc,https://kadeora.app/apt/%EC%98%A5%EB%8F%99-%EA%B2%BD%EB%82%A8%EC%95%84%EB%84%88%EC%8A%A4%EB%B9%8C-ubc,80,off,중복40
1875914,yoas2:naver,cmp-a001-01-000000011002673,카더라,grp-a001-01-000000072353948,B_입주예정,nkw-a001-01-000008540646614,옥동경남아너스빌UBC실거래가,https://kadeora.app/apt/%EC%98%A5%EB%8F%99-%EA%B2%BD%EB%82%A8%EC%95%84%EB%84%88%EC%8A%A4%EB%B9%8C-ubc,https://kadeora.app/apt/%EC%98%A5%EB%8F%99-%EA%B2%BD%EB%82%A8%EC%95%84%EB%84%88%EC%8A%A4%EB%B9%8C-ubc,80,off,중복40
1875914,yoas2:naver,cmp-a001-01-000000011002673,카더라,grp-a001-01-000000072353948,B_입주예정,nkw-a001-01-000008540646612,옥동경남아너스빌UBC입주,https://kadeora.app/apt/%EC%98%A5%EB%8F%99-%EA%B2%BD%EB%82%A8%EC%95%84%EB%84%88%EC%8A%A4%EB%B9%8C-ubc,https://kadeora.app/apt/%EC%98%A5%EB%8F%99-%EA%B2%BD%EB%82%A8%EC%95%84%EB%84%88%EC%8A%A4%EB%B9%8C-ubc,80,off,중복40
1875914,yoas2:naver,cmp-a001-01-000000011002673,카더라,grp-a001-01-000000072353948,B_입주예정,nkw-a001-01-000008540646617,옥동경남아너스빌UBC입주일,https://kadeora.app/apt/%EC%98%A5%EB%8F%99-%EA%B2%BD%EB%82%A8%EC%95%84%EB%84%88%EC%8A%A4%EB%B9%8C-ubc,https://kadeora.app/apt/%EC%98%A5%EB%8F%99-%EA%B2%BD%EB%82%A8%EC%95%84%EB%84%88%EC%8A%A4%EB%B9%8C-ubc,80,off,중복40
1875914,yoas2:naver,cmp-a001-01-000000011002673,카더라,grp-a001-01-000000072353948,B_입주예정,nkw-a001-01-000008540646615,옥동경남아너스빌UBC평면도,https://kadeora.app/apt/%EC%98%A5%EB%8F%99-%EA%B2%BD%EB%82%A8%EC%95%84%EB%84%88%EC%8A%A4%EB%B9%8C-ubc,https://kadeora.app/apt/%EC%98%A5%EB%8F%99-%EA%B2%BD%EB%82%A8%EC%95%84%EB%84%88%EC%8A%A4%EB%B9%8C-ubc,80,off,중복40
1875914,yoas2:naver,cmp-a001-01-000000011002673,카더라,grp-a001-01-000000072353948,B_입주예정,nkw-a001-01-000008540646616,옥동경남아너스빌UBC프리미엄,https://kadeora.app/apt/%EC%98%A5%EB%8F%99-%EA%B2%BD%EB%82%A8%EC%95%84%EB%84%88%EC%8A%A4%EB%B9%8C-ubc,https://kadeora.app/apt/%EC%98%A5%EB%8F%99-%EA%B2%BD%EB%82%A8%EC%95%84%EB%84%88%EC%8A%A4%EB%B9%8C-ubc,80,off,중복40
