id,date,category,cron_type,sqm,ab_placeholder,pyeong_unit,sqm84_amount,oo_placeholder,slug
107972,2026-05-21,apt,issue-retry-stale,1,1,0,1,0,guryeong-deuraijeul-ulsan-ulju-preempt-2026
110124,2026-07-26,apt,issue-draft,1,1,0,0,0,the-shop-three-cent-busan-namgu-2026
107518,2026-05-21,apt,issue-retry-stale,1,1,0,0,0,jpark-uljin-gyeongbuk-preempt-2026
98417,2026-05-05,apt,issue-draft,1,1,0,0,0,woori-lumiate-gyeongryong-analysis-2026
108619,2026-05-24,apt,issue-draft,0,1,0,0,0,ulsan-sinbok-vista-metro-cheongak-analysis-2026
108589,2026-05-23,apt,issue-draft,0,1,0,0,0,ujoo-yonggang-town-gyeongju-2026-preempt-guide
108428,2026-05-22,apt,issue-draft,0,1,0,0,0,yesan-sillioan-apt-preempt-guide-2026
103825,2026-05-21,general,issue-draft,0,1,0,0,0,sejong-construction-heat-100-2026-may
103834,2026-05-21,apt,issue-draft,0,1,0,0,0,heunghan-royal-mansion-hadong-preempt-2026
107395,2026-05-21,apt,issue-retry-stale,0,1,0,0,0,eazy-future-oriented-incheon-gangwha-preemptive-analysis-2026
107402,2026-05-21,apt,issue-retry-stale,0,1,0,0,0,ganghwa-seohi-starhill-2-preempt-guide-2026
107414,2026-05-21,apt,issue-retry-stale,0,1,0,0,0,dongdaegu-purgio-bricent-daegu-donggu-analysis-2026
107472,2026-05-21,apt,issue-retry-stale,0,1,0,0,0,geumseong-baekjo-mansion-daejeon-jung-gu-2026
107586,2026-05-21,apt,issue-retry-stale,0,1,0,0,0,the-best-yemiji-boryeong-apt-analysis-2026
107589,2026-05-21,apt,issue-retry-stale,0,1,0,0,0,dongmun-goodmorning-hill-ulsan-ulju-2026-preempt-guide
107674,2026-05-21,apt,issue-retry-stale,0,1,0,0,0,guyoung-gangbyeon-diachaee-ulsan-2026-preempt
107808,2026-05-21,apt,issue-retry-stale,0,1,0,0,0,deoksin-dongbaek-ulsan-ulju-preempt-guide-2026
107811,2026-05-21,apt,issue-retry-stale,0,1,0,0,0,purgio-1st-tongyeong-2026-preempt-guide
107824,2026-05-21,apt,issue-retry-stale,0,1,0,0,0,samdo-heights-geoje-2026-preempt-guide
107852,2026-05-21,apt,issue-retry-stale,0,1,0,0,0,daewoo-utopia-gimhae-preempt-2026
107909,2026-05-21,apt,issue-retry-stale,0,1,0,0,0,lh-songjung-maeul-gunpo-apt-2026
107959,2026-05-21,apt,issue-retry-stale,0,1,0,0,0,geoje-coaru-parkdream-preempt-2026
107987,2026-05-21,apt,issue-retry-stale,0,1,0,0,0,buyoung-apt-3-dongducheon-2026-preempt-guide
103766,2026-05-20,apt,issue-draft,0,1,0,0,0,dellbon-s136-tongyeong-2026-analysis
103783,2026-05-20,apt,issue-draft,0,1,0,0,0,orange-county-eumseong-cheongbuk-preempt-guide-2026
98768,2026-05-06,apt,issue-draft,0,1,0,0,0,ujudongbaek2-jinjeon-analysis-2026
98342,2026-05-05,apt,issue_preempt,0,1,0,0,0,jeonwon-home-green-gyeongju-analysis-2026
98384,2026-05-05,apt,issue-draft,0,1,0,0,0,sangshin-myeongga-town-chilgok-analysis-2026
98093,2026-05-04,apt,issue_preempt,0,1,0,0,0,dongbo-highvill-changnyeong-apt-analysis
97597,2026-05-01,apt,issue-draft,0,1,0,0,0,shindonga-families-yeosu-analysis
96544,2026-04-29,apt,issue-draft,0,1,0,0,0,dongsam-jeolryeong3-busan-youngdo-analysis
96562,2026-04-29,apt,issue_preempt,0,1,0,0,0,familia-gwaebeop-4-busan-sasang-analysis
86649,2026-04-14,apt,issue-draft,0,1,0,0,0,namwon-dreamhaven-apt-analysis-2024
109404,2026-07-19,apt,issue-draft,0,0,0,1,0,sangmu-yangwonaeoan-firsthill-gwangju-2026-preempt
107297,2026-05-21,apt,issue-retry-stale,0,0,0,1,0,sinrim-puregio-gwanak-apartment-2026-preempt-guide
107316,2026-05-21,apt,issue-retry-stale,0,0,1,0,0,dadong2-urban-environment-improvement-district-seoul-preemptive-guide-2026
107435,2026-05-21,apt,issue-retry-stale,0,0,0,1,0,daegu-donggu-woobang-eyou-shell-preempt-2026
107450,2026-05-21,apt,issue-retry-stale,0,0,0,1,0,samsung-pureun-daejeon-junggu-preempt-guide-2026
107526,2026-05-21,apt,issue-retry-stale,0,0,0,1,0,migjin-sweetbil-hadong-2026-analysis
107746,2026-05-21,apt,issue-retry-stale,0,0,1,0,0,haeundae-martian-d-edition-analysis-2026
107853,2026-05-21,apt,issue-retry-stale,0,0,0,1,0,seongho-maru-hanview-gyeongju-preemptive-guide-2026
107860,2026-05-21,apt,issue-retry-stale,0,0,0,1,0,royal-castle-yecheon-2026-apt-preempt-guide
107888,2026-05-21,apt,issue-retry-stale,0,0,0,1,0,hyeobnsung-chilgok-wayangwan-preempt-2026
108097,2026-05-21,apt,issue-retry-stale,0,0,0,1,0,gimpo-hangang-central-bluehill-ac05-2026-subscription
97587,2026-05-01,apt,issue-draft,0,0,0,1,0,munsudesian-1-ulsan-ulju
2178,2025-10-21,apt,apt-trade-analysis,0,0,1,0,0,apt-trade-서울대입구삼성-서울-2026
99329,2026-05-09,general,issue-draft,0,0,0,0,1,dongbu-construction-hotissue-trending-may-2026
96567,2026-04-29,apt,issue_preempt,0,0,0,0,1,e-pyeonhan-gyeyang-premier-analysis
19170,2026-02-19,unsold,unsold-sigungu-analysis,0,0,0,0,1,unsold-sigungu-울산-동구-2026
19313,2025-05-02,unsold,unsold-sigungu-analysis,0,0,0,0,1,unsold-sigungu-충남-서북구-2026
111298,2026-08-24,apt,issue-draft,1,0,0,0,0,dongsam2-redevelopment-busan-yeongdo-preempt-2026
111316,2026-08-24,apt,issue-draft,1,0,0,0,0,geoje1-reconstruction-busan-yeonje-preemption-guide-2026
111041,2026-08-17,apt,issue-draft,1,0,0,0,0,hansol-solpark-401-402-gunpo-preempt-guide-2026
110180,2026-07-27,apt,issue-draft,1,0,0,0,0,e-pyeonhan-saegsang-mueungsan-gwangju-cheongak-2026
110125,2026-07-26,apt,issue-draft,1,0,0,0,0,centerville-asterium-geoje-preempt-guide-2026
109111,2026-07-18,apt,issue-draft,1,0,0,0,0,gileum-1st-district-seoul-preempt-guide-2026
109159,2026-07-18,apt,issue-draft,1,0,0,0,0,taehan-villa-sancheong-2026-preempt-guide
108839,2026-05-27,apt,issue-draft,1,0,0,0,0,coriiving-market-growth-jeonse-fraud-2026-may
108799,2026-05-26,apt,issue_preempt,1,0,0,0,0,lucky-jurye2-busan-sasang-preempt-2026
108662,2026-05-25,apt,issue-draft,1,0,0,0,0,altiero-gwangan-busan-preempt-guide-2026
108614,2026-05-24,apt,issue-draft,1,0,0,0,0,hoban-summit-pungmu-2-gimpo-2026
108578,2026-05-23,apt,issue-draft,1,0,0,0,0,theshop-songdo-grandterre-g5-1-incheon-2026
108420,2026-05-22,apt,issue-draft,1,0,0,0,0,dongshin-2nd-tongyeong-preemption-guide-2026
108443,2026-05-22,apt,issue-draft,1,0,0,0,0,jincheun-worim-pil-you-apt-2026
103872,2026-05-21,apt,issue-draft,1,0,0,0,0,andong-coloron-haneulchae-preemptive-analysis-2026
103873,2026-05-21,apt,issue-draft,1,0,0,0,0,jinjeon-jangkwan-sarang-yeobu-1st-preempt-2026
103922,2026-05-21,apt,issue-retry-stale,1,0,0,0,0,gwangmyeong-prugio-centver-464units-cheongak-2026
103928,2026-05-21,apt,issue-retry-stale,1,0,0,0,0,gwacheon-jade-xi-apt-subscription-2026
107292,2026-05-21,apt,issue-retry-stale,1,0,0,0,0,eulji-ro-2-ga-12-district-preemption-guide-2026
107309,2026-05-21,apt,issue-retry-stale,1,0,0,0,0,dolyeom-district-19-seoul-jongno-2026-preempt-guide
107329,2026-05-21,apt,issue-retry-stale,1,0,0,0,0,mokdong-sinsigaji-7-yeongdeungpo-apartment-2026
107355,2026-05-21,apt,issue-retry-stale,1,0,0,0,0,icon-star-riverview-uijeongbu-2026-preempt-guide
107376,2026-05-21,apt,issue-retry-stale,1,0,0,0,0,ttreh-igok-7th-pyeongdaek-2026-preempt
107378,2026-05-21,apt,issue-retry-stale,1,0,0,0,0,samsung-myeongga-town-yeoju-preempt-guide-2026
107433,2026-05-21,apt,issue-retry-stale,1,0,0,0,0,palgong-boseong-town2-daegu-apt-preempt-2026
107439,2026-05-21,apt,issue-retry-stale,1,0,0,0,0,seonbimaeul-4dangi-daejeon-daeduk-preempt-guide-2026
107489,2026-05-21,apt,issue-retry-stale,1,0,0,0,0,hanshin-hyuplus-bormi-1dan-daejeon-junggu-2026-cheongnyak
107509,2026-05-21,apt,issue-retry-stale,1,0,0,0,0,elife-changwon-preempt-guide-2026
107514,2026-05-21,apt,issue-retry-stale,1,0,0,0,0,ulsan-onyang-daewoo-cheongak-guide-2026
107516,2026-05-21,apt,issue-retry-stale,1,0,0,0,0,chilgok-buksamseohui-starhills-first-analysis-2026
107571,2026-05-21,apt,issue-retry-stale,1,0,0,0,0,haenam-coare-thebest1-dangi-2026-preempt-guide
107593,2026-05-21,apt,issue-retry-stale,1,0,0,0,0,wolsan-village-8-booyang-apt-gimhae-preempt-guide-2026
107617,2026-05-21,apt,issue-retry-stale,1,0,0,0,0,pyeonghwa-1-yesan-preempt-guide-2026
107619,2026-05-21,apt,issue-retry-stale,1,0,0,0,0,bukcheon-coa-rooheart-rium-sangjussi-cheongnyak-guide-2026
107628,2026-05-21,apt,issue-retry-stale,1,0,0,0,0,gurye-sanigoun-apt-2026-preempt-guide
107634,2026-05-21,apt,issue-retry-stale,1,0,0,0,0,e편한세상금오파크-구미-청약-가이드-2026
107708,2026-05-21,apt,issue-retry-stale,1,0,0,0,0,linesaulter-changnyeong-apt-preempt-2026
107720,2026-05-21,apt,issue-retry-stale,1,0,0,0,0,dreampark-ulsan-ulju-2026-preempt-guide
107754,2026-05-21,apt,issue-retry-stale,1,0,0,0,0,myungcheon-coaru-bokyung-apt-analysis-2026
107799,2026-05-21,apt,issue-retry-stale,1,0,0,0,0,sunghyun-honors-river-yecheon-2026-preemptive-guide
107804,2026-05-21,apt,issue-retry-stale,1,0,0,0,0,gokseong-gicha-atrium-cheongak-analysis-2026
107818,2026-05-21,apt,issue-retry-stale,1,0,0,0,0,geoville-2-2nd-jeju-seogwipo-preempt-guide-2026
107821,2026-05-21,apt,issue-retry-stale,1,0,0,0,0,star-golden-castle-ulsan-ulju-2026-preempt
107835,2026-05-21,apt,issue-retry-stale,1,0,0,0,0,gajwa-maeul-buyeong-cheongju-preempt-2026
107842,2026-05-21,apt,issue-retry-stale,1,0,0,0,0,kyungnam-mugunghwa-gyeongsan-preempt-guide-2026
107862,2026-05-21,apt,issue-retry-stale,1,0,0,0,0,gongju-kumsung-baekjo-yemiji-preempt-2026
107890,2026-05-21,apt,issue-retry-stale,1,0,0,0,0,samhwan-nowbill-gyeongju-2026-preempt-guide
107910,2026-05-21,apt,issue-retry-stale,1,0,0,0,0,yeojunyeok-prugio-klatter-2026-preempt-guide
107951,2026-05-21,apt,issue-retry-stale,1,0,0,0,0,seungdal-tower-muan-preempt-guide-2026
107958,2026-05-21,apt,issue-retry-stale,1,0,0,0,0,hongsan-deokcam-bihong-apartment-buyeo-2026-preempt-guide
107991,2026-05-21,apt,issue-retry-stale,1,0,0,0,0,induckwon-purgio-elcentro-uiwang-2026
108034,2026-05-21,apt,issue-retry-stale,1,0,0,0,0,seongnam-sanseong-forestia-2026-may-transaction-analysis
108038,2026-05-21,apt,issue-retry-stale,1,0,0,0,0,2026-apt-redev-strategy-buying-guide
108054,2026-05-21,apt,issue-retry-stale,1,0,0,0,0,incheon-keundan-hoban-summit-84m-700m-transaction-may-2026
108065,2026-05-21,apt,issue-retry-stale,1,0,0,0,0,apgujeong-5-reconstruction-hyundai-dl-2026
108108,2026-05-21,apt,issue-retry-stale,1,0,0,0,0,hillstate-bupyeong-837units-cheongak-analysis-2026
108113,2026-05-21,apt,issue-retry-stale,1,0,0,0,0,uijeongbu-gosan-s2-1bl-haengbok-jutaek-rits-241units-2026
108127,2026-05-21,apt,issue-retry-stale,1,0,0,0,0,hwaseung-dongtan2-apt-cheongak-2026
108192,2026-05-21,apt,issue-retry-stale,1,0,0,0,0,yongsan-parktower-39-billion-2026-may
103769,2026-05-20,apt,issue-draft,1,0,0,0,0,ph159-jeju-preempt-2026
103770,2026-05-20,apt,issue-draft,1,0,0,0,0,grand-central-jangseong-2026-preempt-guide
103282,2026-05-19,apt,issue_preempt,1,0,0,0,0,incheon-yeongjeong-hoban-summit-skycentral-2026-apt-lottery
103404,2026-05-19,apt,issue_preempt,1,0,0,0,0,dmc-lotte-castle-first-suksaekdong-59py-1200m-record-2026
98770,2026-05-06,apt,issue_preempt,1,0,0,0,0,jungsan-pilos-castle-chungyang-analysis-2026
98789,2026-05-06,apt,issue-draft,1,0,0,0,0,roswell-mosan-hill-jecheon-apt-analysis-2026
98351,2026-05-05,apt,issue_preempt,1,0,0,0,0,wall-san-e-solence-hill-1-geoje-2026
98411,2026-05-05,apt,issue-draft,1,0,0,0,0,gangjin-seosung-namyanghuton-apt1
98077,2026-05-04,apt,issue-draft,1,0,0,0,0,hwaseong-2cha-jecheon-apt-analysis
97762,2026-05-03,apt,issue_preempt,1,0,0,0,0,taeyoung-1st-goseong-apartment-analysis
97763,2026-05-03,apt,issue_preempt,1,0,0,0,0,gyeongnyong-paradia-chungnam-analysis
97721,2026-05-02,apt,issue-draft,1,0,0,0,0,gongju-wolsong-heunghwa-hub-analysis
97731,2026-05-02,apt,issue-draft,1,0,0,0,0,gyeongryok-daesil-reshville-analysis
97623,2026-05-01,apt,issue-draft,1,0,0,0,0,gohduk-sujaininpunggyeongchai-1dan-pyeongtaek-analysis
97113,2026-04-30,apt,issue-draft,1,0,0,0,0,guryeong-2-purgio-ulsan-analysis
97132,2026-04-30,apt,issue_preempt,1,0,0,0,0,geumgwang-bluebuilding-gwangyang-apt-analysis
97138,2026-04-30,apt,issue-draft,1,0,0,0,0,mokpo-jukgyo-silkvalley-7th-analysis
96539,2026-04-29,apt,issue_preempt,1,0,0,0,0,dongil-suite-3rd-busan-gijang-preempt-analysis
95930,2026-04-28,apt,issue_preempt,1,0,0,0,0,hyundai-sungwoo-osta-1-icheon-analysis
96163,2026-04-28,apt,issue-draft,1,0,0,0,0,raclache-jade-fine-dongjak-analysis
94063,2026-04-26,apt,issue_preempt,1,0,0,0,0,yangju-yongam-yeongmu-yedaneum-thesfirst-2025
93002,2026-04-25,apt,issue_preempt,1,0,0,0,0,sokcho-younglangho-elkru-latera-분양-분석
93004,2026-04-25,apt,issue_preempt,1,0,0,0,0,world-meridian-gurye-264-units-analysis
93143,2026-04-25,apt,issue-draft,1,0,0,0,0,e편한세상-부천-어반스퀘어-분석
93184,2026-04-25,apt,-,1,0,0,0,0,s170-049-상한제-로또-청약-기회-총정리
91795,2026-04-24,apt,issue_preempt,1,0,0,0,0,thesha-yangpyeong-riverforest-453units-analysis
92800,2026-04-24,apt,-,1,0,0,0,0,s170-024-이촌르엘-분양가-경쟁력-분석
90718,2026-04-23,apt,issue_preempt,1,0,0,0,0,gwangju-unnam-1-100-units-cheongak-analysis
89604,2026-04-22,apt,issue_preempt,1,0,0,0,0,osan-sejyo-centralpark-44units-2023
88512,2026-04-21,apt,issue_preempt,1,0,0,0,0,busan-mora-haengbok-apartment-2020-subscription
88568,2026-04-21,apt,issue-draft,1,0,0,0,0,humansia-boryeong-dongdae-3-analysis
88592,2026-04-21,apt,issue-draft,1,0,0,0,0,cheonggu-genesis1-uiseong-analysis
86762,2026-04-19,apt,issue-draft,1,0,0,0,0,samho-greenville-wando-analysis
86771,2026-04-19,apt,issue-draft,1,0,0,0,0,namji-deokjin-7cha-bom-changnyeong-apt-analysis
86740,2026-04-18,apt,issue-draft,1,0,0,0,0,busan-jung-bupyung-park-preempt
86513,2026-04-12,stock,weekly-market,1,0,0,0,0,weekly-market-review-2026-W15
86522,2026-04-12,apt,blog-subscription-monthly,1,0,0,0,0,subscription-schedule-2026-04
46903,2026-03-30,apt,station-apt,1,0,0,0,0,station-apt-서울-용산구
40758,2026-03-28,redev,seed,1,0,0,0,0,guide-redevelopment-basics-2026
46900,2026-03-27,apt,station-apt,1,0,0,0,0,station-apt-인천-남동구
48319,2026-03-25,apt,redev-bulk,1,0,0,0,0,redev-3-2026
31499,2026-03-22,apt,sub-seed-v2,1,0,0,0,0,sub-2025000513-overview
36458,2026-03-22,apt,complex-seed-v2,1,0,0,0,0,complex-수영구-장전경보-2
36524,2026-03-22,apt,apt-trade-seed-v2,1,0,0,0,0,apt-trade-무안군-investment-guide
39420,2026-03-22,redev,redev-seed-v3,1,0,0,0,0,redev-5964-analysis
46896,2026-03-22,apt,station-apt,1,0,0,0,0,station-apt-서울-서대문구
19171,2026-02-20,unsold,unsold-sigungu-analysis,1,0,0,0,0,unsold-sigungu-인천-동구-2026
19182,2026-02-20,unsold,unsold-sigungu-analysis,1,0,0,0,0,unsold-sigungu-전북-익산시-2026
2760,2026-01-11,apt,sigungu-trade-analysis,1,0,0,0,0,apt-sigungu-부산-수영구-2026
2817,2026-01-10,apt,dong-trade-analysis,1,0,0,0,0,apt-dong-서울-광진구-군자동-2026
19148,2026-01-04,unsold,unsold-sigungu-analysis,1,0,0,0,0,unsold-sigungu-충남-논산시-2026
46819,2025-12-22,apt,station-apt,1,0,0,0,0,station-apt-부산-영도구
2882,2025-12-15,unsold,unsold-region-analysis,1,0,0,0,0,unsold-region-경북-2026
2887,2025-10-17,unsold,unsold-region-analysis,1,0,0,0,0,unsold-region-전남-2026
19282,2025-10-08,unsold,unsold-sigungu-analysis,1,0,0,0,0,unsold-sigungu-부산-사하구-2026
41415,2025-07-11,apt,bulk-apt-sites,1,0,0,0,0,apt-명지오션시티한신휴플러스-청약분석-2026
2615,2025-06-16,redev,redev-project-analysis,1,0,0,0,0,redev-project-24-안양호계-재개발-2026
19336,2025-06-14,finance,term-dictionary,1,0,0,0,0,term-----2026
2234,2025-06-12,apt,apt-trade-analysis,1,0,0,0,0,apt-trade-쌍문동삼성래미안-서울-2026
2816,2025-06-10,apt,dong-trade-analysis,1,0,0,0,0,apt-dong-서울-강남구-청담동-2026
2632,2025-05-29,redev,redev-project-analysis,1,0,0,0,0,redev-project-46-부산-전포-재개발-2026
19279,2025-05-23,unsold,unsold-sigungu-analysis,1,0,0,0,0,unsold-sigungu-경기-포천시-2026
2584,2025-05-20,redev,redev-project-analysis,1,0,0,0,0,redev-project-29-대구-달서-성당-재건축-2026
19239,2025-05-19,unsold,unsold-sigungu-analysis,1,0,0,0,0,unsold-sigungu-부산-영도구-2026
19250,2025-05-03,unsold,unsold-sigungu-analysis,1,0,0,0,0,unsold-sigungu-충남-예산군-2026
1958,2025-04-24,apt,apt-trade-analysis,1,0,0,0,0,apt-trade-jkapartment-서울-2026
19273,2025-04-24,unsold,unsold-sigungu-analysis,1,0,0,0,0,unsold-sigungu-경남-남해군-2026
19219,2025-04-18,unsold,unsold-sigungu-analysis,1,0,0,0,0,unsold-sigungu-서울-강북구-2026
19147,2025-04-09,unsold,unsold-sigungu-analysis,1,0,0,0,0,unsold-sigungu-경기-수택동-2026
2923,2025-04-04,redev,redev-region-analysis,1,0,0,0,0,redev-region-충남-2026
43765,2024-09-08,stock,bulk-stock-target,1,0,0,0,0,EQIX-nasdaq-목표주가-2026
