slug,name,cat,region,sigungu,total_units,content_score
거제-옥포-공동주택,거제 옥포 공동주택,B_분양예정,경남,거제시,1963,40
김해-외동-재건축사업,김해 외동 재건축사업,B_분양예정,경남,김해시,1135,45
문현5차-공동주택,문현5차 공동주택,B_분양예정,부산,남구,,40
부산-범천동-주상복합,부산 범천동 주상복합,B_분양예정,부산,부산진구,,40
부산-한양프라자,부산 한양프라자,B_분양예정,부산,,,66
에코델타시티-32bl,에코델타시티 공동주택용지 32BL,B_분양예정,부산,강서구,,40
온천2차-가로주택정비사업,부산 온천2차 가로주택정비사업,B_분양예정,부산,동래구,,40
문수데시앙2단지-공가세대-일반공급,문수데시앙2단지 공가세대 일반공급,B_분양예정,울산,울주군,22,100
문수로-비스타-더파크,문수로 비스타 더파크,B_분양예정,울산,남구,700,53
울산-옥교동-224번지-일원-주거복합-신축공사,울산 옥교동 224번지 일원 주거복합 신축공사,B_분양예정,울산,중구,300,53
울산시-동구-화정동-638-3-주거복합단지-신축공사,울산시 동구 화정동 638-3 주거복합단지 신축공사,B_분양예정,울산,동구,356,40
김해-대청천-에피트,김해 대청천 에피트,D_입주예정,경남,김해시,131,100
e편한세상-금정-메종카운티,e편한세상 금정 메종카운티,D_입주예정,부산,금정구,123,100
구서-다움포레,구서 다움포레,D_입주예정,부산,금정구,68,70
더폴-디오션,더폴 디오션,D_입주예정,부산,해운대구,184,98
시청역-해모로-센티아,시청역 해모로 센티아,D_입주예정,부산,연제구,131,100
신장림-센트럴,ESTIA 신장림 센트럴,D_입주예정,부산,사하구,108,100
한화포레나-부산대연,한화포레나 부산대연,D_입주예정,부산,남구,104,100
남울산-노르웨이숲조합원-취소분,남울산 노르웨이숲(조합원 취소분),D_입주예정,울산,울주군,31,100
문수로-푸르지오-어반피스,문수로 푸르지오 어반피스,D_입주예정,울산,남구,339,76
우정동-한양립스-더-센트럴,우정동 한양립스 더 센트럴,D_입주예정,울산,중구,99,100
울산-우방-아이유쉘-퍼스트,울산KTX 우방 아이유쉘 퍼스트,D_입주예정,울산,울주군,344,77
거제3-재개발,거제3 재개발,E_정비사업,부산,연제구,530,50
광안동-부흥-부광-소규모재건축,광안동 부흥·부광 소규모재건축,E_정비사업,부산,수영구,,46
금보빌라타운-소규모재건축,금보빌라타운 소규모재건축,E_정비사업,부산,,,45
남천-백산-소규모재건축,남천 백산 소규모재건축,E_정비사업,부산,수영구,173,41
대림비치아파트-소규모재건축사업-소규모재건축,대림비치아파트 소규모재건축사업,E_정비사업,부산,해운대구,,45
대성주택-소규모재건축,대성주택 소규모재건축,E_정비사업,부산,,227,40
대연맨션-소규모재건축,대연맨션 소규모재건축,E_정비사업,부산,,160,40
대호세화아파트-소규모재건축,대호세화아파트 소규모재건축,E_정비사업,부산,,101,40
덕천동-347-3번지-일원-가로주택정비,덕천동 347-3번지 일원 가로주택정비,E_정비사업,부산,북구,,45
덕천동-365-26번지-일원-가로주택정비,덕천동 365-26번지 일원 가로주택정비,E_정비사업,부산,북구,121,50
도시아파트-소규모재건축,도시아파트 소규모재건축,E_정비사업,부산,영도구,233,40
동광세화맨션-소규모재건축,동광세화맨션 소규모재건축,E_정비사업,부산,수영구,125,51
동서산장-소규모재건축,동서산장 소규모재건축,E_정비사업,부산,,77,40
동원맨션-소규모재건축,동원맨션 소규모재건축,E_정비사업,부산,,154,40
럭키무지개-가로주택정비,럭키무지개 가로주택정비,E_정비사업,부산,부산진구,694,42
명보아파트-가로주택정비,명보아파트 가로주택정비,E_정비사업,부산,동래구,,55
명장동29-27번지일대-가로주택정비,명장동29-27번지일대 가로주택정비,E_정비사업,부산,동래구,,56
명장삼보맨션-소규모재건축,명장삼보맨션 소규모재건축,E_정비사업,부산,,158,40
문현대성-가로주택정비,문현대성 가로주택정비,E_정비사업,부산,,161,51
문화아파트-소규모재건축,문화아파트 소규모재건축,E_정비사업,부산,부산진구,,55
벧엘아파트-소규모재건축,벧엘아파트 소규모재건축,E_정비사업,부산,,165,40
봉래동1가-111-1번지-일원-가로주택정비,봉래동1가 111-1번지 일원 가로주택정비,E_정비사업,부산,영도구,231,40
봉래동2가-75-1번지-일원-가로주택정비,봉래동2가 75-1번지 일원 가로주택정비,E_정비사업,부산,영도구,308,41
봉래동3가-137번지-일원-가로주택정비,봉래동3가 137번지 일원 가로주택정비,E_정비사업,부산,영도구,280,41
부곡동-812-1번지-일원-소규모재건축,부곡동 812-1번지 일원 소규모재건축,E_정비사업,부산,금정구,179,40
부곡동-841-40-가로주택정비,부곡동 841-40 가로주택정비,E_정비사업,부산,금정구,170,50
부원아파트-소규모재건축,부원아파트 소규모재건축,E_정비사업,부산,부산진구,120,48
분포목련아파트-가로주택정비,분포목련아파트 가로주택정비,E_정비사업,부산,남구,355,41
사하오성맨션-소규모재건축-괴정-소규모재건축,사하오성맨션 소규모재건축(괴정),E_정비사업,부산,,,45
삼보아파트-가로주택정비,삼보아파트 가로주택정비,E_정비사업,부산,연제구,327,53
삼성콘도맨션-소규모-소규모재건축,삼성콘도맨션(소규모) 소규모재건축,E_정비사업,부산,해운대구,114,40
삼월주택-소규모재건축,삼월주택 소규모재건축,E_정비사업,부산,,120,51
상록아파트-소규모재건축,상록아파트 소규모재건축,E_정비사업,부산,,68,40
새들맨션-소규모재건축,새들맨션 소규모재건축,E_정비사업,부산,중구,,55
서동역2구역-가로주택정비,서동역2구역 가로주택정비,E_정비사업,부산,수영구,231,48
성암아파트-소규모재건축,성암아파트 소규모재건축,E_정비사업,부산,부산진구,343,40
성창아파트-소규모재건축,성창아파트 소규모재건축,E_정비사업,부산,,51,40
수안동반도보라맨션-소규모재건축,수안동반도보라맨션 소규모재건축,E_정비사업,부산,동래구,,45
수영구-산정수영아파트-소규모재건축,수영구 산정수영아파트 소규모재건축,E_정비사업,부산,,,46
신서면아파트-소규모재건축,신서면아파트 소규모재건축,E_정비사업,부산,부산진구,160,40
신양아파트-소규모재건축,신양아파트 소규모재건축,E_정비사업,부산,부산진구,,55
안락동-144-가로주택정비,안락동 144 가로주택정비,E_정비사업,부산,동래구,65,50
양정산호아파트-소규모재건축,양정산호아파트 소규모재건축,E_정비사업,부산,부산진구,404,40
엄궁-신흥동백-소규모재건축,엄궁 신흥동백 소규모재건축,E_정비사업,부산,사상구,,45
여고북로123번길-46-3-가로주택정비,여고북로123번길 46-3 가로주택정비,E_정비사업,부산,,60,40
연산1소규모-소규모재개발,연산1소규모 소규모재개발,E_정비사업,부산,연제구,210,40
연산동-1291번지-일원-가로주택정비,연산동 1291번지 일원 가로주택정비,E_정비사업,부산,연제구,151,51
연산동-태광맨션-가로주택정비,연산동 태광맨션 가로주택정비,E_정비사업,부산,연제구,,55
영주아파트-2블럭-가로주택정비,영주아파트 2블럭 가로주택정비,E_정비사업,부산,중구,215,53
영주아파트3블럭-가로주택정비,영주아파트3블럭 가로주택정비,E_정비사업,부산,중구,217,48
온천동-공작아파트-일원-가로주택정비,온천동 공작아파트 일원 가로주택정비,E_정비사업,부산,동래구,57,40
우동2재개발-재개발,우동2재개발,E_정비사업,부산,남구,,66
월성아파트-소규모재건축,월성아파트 소규모재건축,E_정비사업,부산,,220,40
이진캐스빌-소규모재건축,이진캐스빌 소규모재건축,E_정비사업,부산,해운대구,,55
일동대영아파트-소규모재건축,일동대영아파트 소규모재건축,E_정비사업,부산,,256,40
일동파크맨션-소규모-소규모재건축,일동파크맨션(소규모) 소규모재건축,E_정비사업,부산,북구,231,40
정남아파트-주변-가로주택정비,정남아파트 주변 가로주택정비,E_정비사업,부산,북구,129,53
주례동-54-9번지-일원-가로주택정비,주례동 54-9번지 일원 가로주택정비,E_정비사업,부산,사상구,231,40
진일아파트-가로주택정비,진일아파트 가로주택정비,E_정비사업,부산,연제구,190,41
크로바아파트-소규모재건축,크로바아파트 소규모재건축,E_정비사업,부산,남구,170,41
태원아파트일원-가로주택정비,태원아파트일원 가로주택정비,E_정비사업,부산,,255,40
태창파크맨션-소규모재건축,태창파크맨션 소규모재건축,E_정비사업,부산,수영구,122,41
한독아파트-소규모재건축,한독아파트 소규모재건축,E_정비사업,부산,연제구,217,41
현우산호맨션-소규모재건축,현우산호맨션 소규모재건축,E_정비사업,부산,해운대구,105,42
협진신태양-소규모재건축-괴정-소규모재건축,협진신태양 소규모재건축(괴정),E_정비사업,부산,사하구,,45
화목타운-소규모재건축,화목타운 소규모재건축,E_정비사업,부산,수영구,286,53
효성아파트-소규모재건축,효성아파트 소규모재건축,E_정비사업,부산,연제구,221,48
e편한세상옥포아파트1단지,e편한세상옥포아파트1단지,F_기축,경남,거제시,1113,93
e편한세상옥포아파트2단지,e편한세상옥포아파트2단지,F_기축,경남,거제시,1113,94
가곡동-수에르떼,가곡동 수에르떼,F_기축,경남,밀양시,45,94
갑오마을10단지e그린타운,갑오마을10단지e그린타운,F_기축,경남,김해시,,56
갑오마을7단지부영10차,갑오마을7단지부영10차,F_기축,경남,김해시,,54
거송보라맨션,거송보라맨션,F_기축,경남,거제시,,86
거제-반도유보라,거제 반도유보라,F_기축,경남,거제시,292,100
거제-유림노르웨이숲-디오션,거제 유림노르웨이숲 디오션,F_기축,경남,거제시,299,100
거제-한내-시온-숲속의아침뷰,거제 한내 시온 숲속의아침뷰,F_기축,경남,거제시,46,100
거제2차덕산베스트타운,거제2차덕산베스트타운,F_기축,경남,거제시,,82
거제2차아이파크1단지,거제2차아이파크1단지,F_기축,경남,거제시,,90
거제2차아이파크2단지,거제2차아이파크2단지,F_기축,경남,거제시,,90
거제경남아너스빌,거제경남아너스빌,F_기축,경남,거제시,,90
거제더샵,거제더샵,F_기축,경남,거제시,,80
거제더샵블루시티,거제더샵블루시티,F_기축,경남,거제시,,67
거제롯데인벤스가,거제롯데인벤스가,F_기축,경남,거제시,,90
거제마린푸르지오1단지,거제마린푸르지오1단지,F_기축,경남,거제시,,80
거제마린푸르지오2단지,거제마린푸르지오2단지,F_기축,경남,거제시,,90
거제상동벽산블루밍아파트,거제상동벽산블루밍아파트,F_기축,경남,거제시,,90
거제센트럴푸르지오,거제센트럴푸르지오,F_기축,경남,거제시,,83
거제수월힐스테이트,거제수월힐스테이트,F_기축,경남,거제시,,83
거제수창프라임시티,거제수창프라임시티,F_기축,경남,거제시,,90
거제아이파크,거제아이파크,F_기축,경남,거제시,,83
거제아주kcc스위첸,거제아주KCC스위첸,F_기축,경남,거제시,,90
거제아주코오롱하늘채,거제아주코오롱하늘채,F_기축,경남,거제시,,87
거제아주현진에버빌,거제아주현진에버빌,F_기축,경남,거제시,,84
거제양정대동피렌체,거제양정대동피렌체,F_기축,경남,거제시,,81
거제엘크루랜드마크,거제엘크루랜드마크,F_기축,경남,거제시,,90
거제오션파크자이,거제오션파크자이,F_기축,경남,거제시,,80
거제옥포도뮤토2단지,거제옥포도뮤토2단지,F_기축,경남,거제시,,51
거제자이-거제시,거제자이,F_기축,경남,거제시,2200,95
거제장평유림노르웨이숲,거제장평유림노르웨이숲,F_기축,경남,거제시,,90
거제코아루파크드림,거제코아루파크드림,F_기축,경남,거제시,,81
거창-아뜨리움,거창 ES아뜨리움,F_기축,경남,거창군,76,100
거창더센트럴-캐슬,거창더센트럴 캐슬,F_기축,경남,거창군,94,100
건우그린맨션,건우그린맨션,F_기축,경남,창녕군,,82
고려2차201-204동,고려2차(201-204동),F_기축,경남,거제시,,81
고려3차101동,고려3차(101동),F_기축,경남,거제시,,80
고려3차301-303동,고려3차(301-303동),F_기축,경남,거제시,,84
고려4차501-504동,고려4차(501-504동),F_기축,경남,거제시,,90
고려5차601-603동,고려5차(601-603동),F_기축,경남,거제시,,82
고려5차604-605동,고려5차(604-605동),F_기축,경남,거제시,,82
고성더리브스위트엠,고성더리브스위트엠,F_기축,경남,고성군,,90
광우로얄맨션,광우로얄맨션,F_기축,경남,통영시,,90
국도파크맨션,국도파크맨션,F_기축,경남,고성군,,85
그린파크맨션,그린파크맨션,F_기축,경남,거제시,,90
금강드림피아,금강드림피아,F_기축,경남,고성군,38,91
금강드림피아-5차,금강드림피아 5차,F_기축,경남,고성군,38,100
금산느티나무,금산느티나무,F_기축,경남,진주시,,56
김해-삼계-동일스위트,김해 삼계 동일스위트,F_기축,경남,김해시,299,100
김해-주촌-일동미라주-더-네스트,김해 주촌 일동미라주 더 네스트,F_기축,경남,김해시,284,100
김해율하-더스카이시티-제니스앤프라우조합원취소분,김해율하 더스카이시티 제니스앤프라우(조합원취소분),F_기축,경남,김해시,27,100
남문동일스위트-the-ocean-2단지,남문동일스위트 The Ocean 2단지,F_기축,경남,창원시,264,100
남양산역반도유보라아이비파크5,남양산역반도유보라아이비파크5,F_기축,경남,양산시,,52
남지덕진7차봄,남지덕진7차봄,F_기축,경남,창녕군,,90
남지동아더프라임,남지동아더프라임,F_기축,경남,창녕군,,82
남지이원웰스타아파트,남지이원웰스타아파트,F_기축,경남,창녕군,,83
남해-타운하우스,남해 타운하우스,F_기축,경남,남해군,76,100
남해스타펠레스,남해스타펠레스,F_기축,경남,남해군,84,100
남해평리휴먼시아,남해평리휴먼시아,F_기축,경남,남해군,50,95
대경남지아파트,대경남지아파트,F_기축,경남,창녕군,,85
대동다숲1단지,대동다숲1단지,F_기축,경남,거제시,,82
대동리-나리안길-107동,대동리 나리안길 107동,F_기축,경남,거창군,48,100
대영유토피아,대영유토피아,F_기축,경남,통영시,,81
대우유토피아,대우유토피아,F_기축,경남,김해시,,52
대일골드맨션,대일골드맨션,F_기축,경남,통영시,,90
대한베네시움,대한베네시움,F_기축,경남,거제시,,83
더나음아파트,더나음아파트,F_기축,경남,남해군,,84
덕산3차베스트타운,덕산3차베스트타운,F_기축,경남,거제시,,66
덕산베스트타운,덕산베스트타운,F_기축,경남,거제시,,90
덕산아내1차,덕산아내1차,F_기축,경남,거제시,,90
덕산아내2차,덕산아내2차,F_기축,경남,거제시,,90
덕산아내프리미엄2차,덕산아내프리미엄2차,F_기축,경남,거제시,,83
덕산아내프리미엄3차,덕산아내프리미엄3차,F_기축,경남,거제시,,81
덕진3차휴먼빌,덕진3차휴먼빌,F_기축,경남,거제시,,90
덕진5차휴먼빌,덕진5차휴먼빌,F_기축,경남,고성군,,90
덕진6차휴먼빌,덕진6차휴먼빌,F_기축,경남,창녕군,,90
도항주공1단지,도항주공1단지,F_기축,경남,함안군,,50
동원로얄듀크1차,동원로얄듀크1차,F_기축,경남,통영시,,82
동원로얄듀크2차,동원로얄듀크2차,F_기축,경남,통영시,,90
동원비치맨션,동원비치맨션,F_기축,경남,통영시,,83
동하파로스빌,동하파로스빌,F_기축,경남,거제시,,81
두산위브,두산위브,F_기축,경남,거제시,1368,94
디에스아이존빌2차,디에스아이존빌2차,F_기축,경남,고성군,,84
디엘본s136,디엘본S136,F_기축,경남,통영시,136,100
라티움주상복합아파트,라티움주상복합아파트,F_기축,경남,거제시,,90
롯데캐슬아일랜드,롯데캐슬아일랜드,F_기축,경남,거제시,,90
르마레남지아파트,르마레남지아파트,F_기축,경남,창녕군,,52
마산삼계2아파트,마산삼계2아파트,F_기축,경남,창원시,385,95
만덕리버스카이,만덕리버스카이,F_기축,경남,의령군,,83
만복도천비치맨션2차,만복도천비치맨션2차,F_기축,경남,통영시,,82
만복동호비치,만복동호비치,F_기축,경남,통영시,,90
명진하이츠빌,명진하이츠빌,F_기축,경남,거제시,,90
무계서희스타힐스,무계서희스타힐스,F_기축,경남,김해시,38,100
미가클래스a동,미가클래스A동,F_기축,경남,합천군,,81
미진스위트빌,미진스위트빌,F_기축,경남,하동군,,84
미진이지비아,미진이지비아,F_기축,경남,거제시,,80
미진이지비아2차,미진이지비아2차,F_기축,경남,통영시,,90
미진타워펠리스,미진타워펠리스,F_기축,경남,거제시,,68
백년문화공원-극동스타클래스,백년문화공원 극동스타클래스,F_기축,경남,진주시,166,91
벽산e-솔렌스힐1차,벽산e-솔렌스힐1차,F_기축,경남,거제시,,80
벽산e-솔렌스힐2차,벽산e-솔렌스힐2차,F_기축,경남,거제시,,90
벽산e-솔렌스힐3차,벽산e-솔렌스힐3차,F_기축,경남,거제시,,80
부원역푸르지오,부원역푸르지오,F_기축,경남,김해시,,53
비버리힐즈힐사이드,비버리힐즈힐사이드,F_기축,경남,거제시,,81
사곡영진자이온1단지,사곡영진자이온1단지,F_기축,경남,거제시,,81
사곡영진자이온2단지,사곡영진자이온2단지,F_기축,경남,거제시,,90
삼계-삼정그린코아-더베스트,삼계 삼정그린코아 더베스트,F_기축,경남,김해시,245,98
삼도로얄맨션,삼도로얄맨션,F_기축,경남,거제시,,81
삼문동지엘리베라움,삼문동지엘리베라움,F_기축,경남,밀양시,,52
삼오르네상스,삼오르네상스,F_기축,경남,거제시,,65
삼일아주빌라,삼일아주빌라,F_기축,경남,거제시,,81
상동에스케이뷰,상동에스케이뷰,F_기축,경남,거제시,,90
새평지늘푸른숲,새평지늘푸른숲,F_기축,경남,고성군,,81
석천아트타운,석천아트타운,F_기축,경남,거제시,,90
성우목화맨션,성우목화맨션,F_기축,경남,산청군,,80
송림비치맨션,송림비치맨션,F_기축,경남,남해군,,90
송림하이츠맨션,송림하이츠맨션,F_기축,경남,통영시,,90
수에르떼-밀양,수에르떼 밀양,F_기축,경남,밀양시,45,100
스위트캐슬-더프라임,스위트캐슬 더프라임,F_기축,경남,산청군,77,100
스타힐스센트럴,스타힐스센트럴,F_기축,경남,거제시,,81
스타힐스오션시티,스타힐스오션시티,F_기축,경남,거제시,,80
신우보람맨션,신우보람맨션,F_기축,경남,통영시,,83
신우스위트빌,신우스위트빌,F_기축,경남,거제시,,90
신우심포니타운,신우심포니타운,F_기축,경남,사천시,,50
신우희가로아파트,신우희가로아파트,F_기축,경남,창녕군,,90
신원심포니하우스,신원심포니하우스,F_기축,경남,거제시,,85
신장유일동미라주더파크아파트,신장유일동미라주더파크아파트,F_기축,경남,김해시,,53
신진주역세권-1-우미린,신진주역세권 B-1BL 우미린,F_기축,경남,진주시,828,96
신흥가나상가동,"신흥(가,나,상가동)",F_기축,경남,남해군,,84
쌍용-더-플래티넘-삼계,쌍용 더 플래티넘 삼계,F_기축,경남,김해시,253,91
아주e편한세상1단지,아주e편한세상1단지,F_기축,경남,거제시,,80
아주e편한세상2단지,아주e편한세상2단지,F_기축,경남,거제시,,82
양산-금호-리첸시아-시그니처,양산 금호 리첸시아 시그니처,F_기축,경남,양산시,213,91
양산-덕계-경동스마트홈,양산 덕계 경동스마트홈,F_기축,경남,양산시,177,100
양산-평산-코아루-에듀포레,양산 평산 코아루 에듀포레,F_기축,경남,양산시,225,94
양산물금-브라운스톤,양산물금 브라운스톤,F_기축,경남,양산시,206,97
양산사송지구-2-사송신도시-제일풍경채-퍼스트파크,양산사송지구B-2BL 사송신도시 제일풍경채 퍼스트파크,F_기축,경남,양산시,452,91
양산신도시한양수자인더퍼스트,양산신도시한양수자인더퍼스트,F_기축,경남,양산시,,51
엘리유리안2차,엘리유리안2차,F_기축,경남,거제시,,90
연초일성유수안,연초일성유수안,F_기축,경남,거제시,,90
영승한마음타운,영승한마음타운,F_기축,경남,거제시,,81
오성-센트럴아파트,오성 센트럴아파트,F_기축,경남,밀양시,34,96
옥포5차덕산타운,옥포5차덕산타운,F_기축,경남,거제시,,65
우방아이유쉘-중부센트럴,우방아이유쉘 중부센트럴,F_기축,경남,양산시,34,100
월산마을1단지부영13차,월산마을1단지부영13차,F_기축,경남,김해시,,57
월산마을8단지부영아파트,월산마을8단지부영아파트,F_기축,경남,김해시,,54
유성타워맨션,유성타워맨션,F_기축,경남,통영시,,82
은성판타지아,은성판타지아,F_기축,경남,창녕군,,83
이던필하우스,이던필하우스,F_기축,경남,거제시,,90
이안-센트럴포레-장유-1단지,이안 센트럴포레 장유 1단지,F_기축,경남,김해시,146,100
이안-센트럴포레-장유-2단지,이안 센트럴포레 장유 2단지,F_기축,경남,김해시,190,94
이지더원2차,이지더원2차,F_기축,경남,양산시,,51
이편한세상거제유로스카이,이편한세상거제유로스카이,F_기축,경남,거제시,,80
이편한세상거제유로아일랜드,이편한세상거제유로아일랜드,F_기축,경남,거제시,,90
일성수월아리채,일성수월아리채,F_기축,경남,거제시,,81
일성양정아리채,일성양정아리채,F_기축,경남,거제시,,90
일성유수안2차,일성유수안2차,F_기축,경남,통영시,,82
일성한우리a동b동,일성한우리(A동B동),F_기축,경남,통영시,,81
자이온더퍼스트아파트,자이온더퍼스트아파트,F_기축,경남,거제시,,82
장승포주공마전마을,장승포주공(마전마을),F_기축,경남,거제시,,83
장유자이-더-파크,장유자이 더 파크,F_기축,경남,김해시,587,76
장평성원5동-8동,장평성원(5동-8동),F_기축,경남,거제시,,90
장평주공2차신주공,장평주공2차(신주공),F_기축,경남,거제시,,85
정량동동원로얄듀크,정량동동원로얄듀크,F_기축,경남,통영시,,90
제이엠스퀘어아파트하동1,제이엠스퀘어아파트(하동1),F_기축,경남,하동군,,90
젤미마을1단지부영11차,젤미마을1단지부영11차,F_기축,경남,김해시,,46
젤미마을6단지주공,젤미마을6단지주공,F_기축,경남,김해시,,56
주영더팰리스1차,주영더팰리스1차,F_기축,경남,통영시,322,92
주영더팰리스2차,주영더팰리스2차,F_기축,경남,통영시,322,99
주영더팰리스4차,주영더팰리스4차,F_기축,경남,통영시,322,89
주영더팰리스5차,주영더팰리스5차,F_기축,경남,통영시,322,100
주영에이스빌3차,주영에이스빌3차,F_기축,경남,통영시,,75
진영에이스타운,진영에이스타운,F_기축,경남,거제시,,82
진주가좌올리움,진주가좌올리움,F_기축,경남,진주시,120,94
진주우방아이유쉘,진주우방아이유쉘,F_기축,경남,진주시,,52
창녕코아루더파크,창녕코아루더파크,F_기축,경남,창녕군,,90
창원-롯데캐슬-프리미어,창원 롯데캐슬 프리미어,F_기축,경남,창원시,39,100
창원동전월드메르디앙,창원동전월드메르디앙,F_기축,경남,창원시,,56
창원칸타빌-오션뷰,창원칸타빌 오션뷰,F_기축,경남,창원시,77,92
천우운하맨션,천우운하맨션,F_기축,경남,통영시,,83
초계빌라1차,초계빌라(1차),F_기축,경남,합천군,,83
초계사랑마을,초계사랑마을,F_기축,경남,합천군,,51
초원빌라a동,초원빌라A동,F_기축,경남,창녕군,,90
충무동-마린힐즈,충무동 마린힐즈,F_기축,경남,창원시,44,94
코아루1단지,코아루1단지,F_기축,경남,통영시,,82
코아루더파크,코아루더파크,F_기축,경남,고성군,,90
통영-더유엘윈썸,통영 더유엘윈썸,F_기축,경남,통영시,130,100
통영성원3동-5동,통영성원(3동-5동),F_기축,경남,통영시,,85
통영해모로오션힐,통영해모로오션힐,F_기축,경남,통영시,,84
파크뷰,파크뷰,F_기축,경남,합천군,4220,95
포레나-거제-장평,포레나 거제 장평,F_기축,경남,거제시,97,94
포레스트퀸-101동,포레스트퀸 101동,F_기축,경남,양산시,75,90
포레스트퀸-102동,포레스트퀸 102동,F_기축,경남,양산시,75,94
푸르지오1차,푸르지오1차,F_기축,경남,통영시,,82
푸르지오2차,푸르지오2차,F_기축,경남,통영시,,82
푸르지오3차,푸르지오3차,F_기축,경남,통영시,,82
하동해양파크빌,하동해양파크빌,F_기축,경남,하동군,,83
하이페리온-골드,하이페리온 골드,F_기축,경남,함양군,34,100
하이페리온골드아파트,하이페리온골드아파트,F_기축,경남,함양군,34,91
한내시온숲속의아침뷰,한내시온숲속의아침뷰,F_기축,경남,거제시,,87
한선파라디움,한선파라디움,F_기축,경남,통영시,,81
한선파라타운,한선파라타운,F_기축,경남,통영시,,83
한일비치맨션,한일비치맨션,F_기축,경남,거제시,,85
한진로즈힐1차,한진로즈힐1차,F_기축,경남,통영시,,90
한진로즈힐2차,한진로즈힐2차,F_기축,경남,통영시,,53
함양웰가센트뷰,함양웰가센트뷰,F_기축,경남,함양군,,81
함양한성사랑채,함양한성사랑채,F_기축,경남,함양군,,90
현대그린파크,현대그린파크,F_기축,경남,창녕군,,81
현대성우오스타2단지,현대성우오스타2단지,F_기축,경남,통영시,,85
협동그린타운,협동그린타운,F_기축,경남,고성군,,80
혜성골든타운,혜성골든타운,F_기축,경남,거제시,,67
혜성미-주상복합아파트,혜성미 주상복합아파트,F_기축,경남,의령군,39,99
화성타워맨션,화성타워맨션,F_기축,경남,거제시,,85
화인아트빌라105-108동,화인아트빌라(105-108동),F_기축,경남,거제시,,90
화정마을부영1차,화정마을부영1차,F_기축,경남,김해시,,50
휴앤인더라움,휴앤인더라움,F_기축,경남,거창군,68,90
흥한로얄맨션,흥한로얄맨션,F_기축,경남,하동군,,90
힐스테이트-마크로엔,힐스테이트 마크로엔,F_기축,경남,창원시,168,76
207-3,(207-3),F_기축,부산,수영구,,90
e편한세상-서면-더센트럴,e편한세상 서면 더센트럴,F_기축,부산,부산진구,9,100
e편한세상-송도-더퍼스트비치,e편한세상 송도 더퍼스트비치,F_기축,부산,서구,200,100
e편한세상부산항,e편한세상부산항,F_기축,부산,부산진구,200,94
e편한세상사하,e편한세상사하,F_기축,부산,사하구,200,93
e편한세상사하2차,e편한세상사하2차,F_기축,부산,사하구,200,93
가야-봄여름가을겨울,가야 봄여름가을겨울,F_기축,부산,부산진구,90,100
가화만사성-정관타운,가화만사성 정관타운,F_기축,부산,기장군,203,100
감만-우성스마트-시티-뷰,감만 우성스마트 시티 뷰,F_기축,부산,남구,224,100
감전엘크루센트로아파트,감전엘크루센트로아파트,F_기축,부산,사상구,90,100
감천유림1차,감천유림1차,F_기축,부산,사하구,,90
감천유림2차,감천유림2차,F_기축,부산,사하구,,83
개금주공3단지,개금주공3단지,F_기축,부산,부산진구,,50
거제-미소지움-더퍼스트,거제 미소지움 더퍼스트,F_기축,부산,연제구,110,100
경동메르빌아파트,경동메르빌아파트,F_기축,부산,사하구,,90
경성스마트더블유,경성스마트더블유,F_기축,부산,사하구,,82
광안-스윗팰리스,광안 스윗팰리스,F_기축,부산,수영구,71,100
광안경동리인,광안경동리인,F_기축,부산,수영구,95,100
괴정-k스타파크,괴정 K스타파크,F_기축,부산,사하구,,90
괴정신동아파밀리에,괴정신동아파밀리에,F_기축,부산,사하구,31,100
괴정한신더휴,괴정한신더휴,F_기축,부산,사하구,,81
괴정협성휴포레아파트,괴정협성휴포레아파트,F_기축,부산,사하구,,90
구서-남평,구서 남평 N-CITY,F_기축,부산,금정구,57,100
구서-태성에버리치,구서 태성에버리치,F_기축,부산,금정구,57,100
구서skview1단지,구서SKVIEW1단지,F_기축,부산,수영구,,85
구서다움파크,구서다움파크,F_기축,부산,금정구,84,100
구서동롯데캐슬골드1단지1051,구서동롯데캐슬골드1단지(1051),F_기축,부산,수영구,,80
구서동롯데캐슬골드2단지1049,구서동롯데캐슬골드2단지(1049),F_기축,부산,수영구,,90
구서역-포르투나,구서역 포르투나,F_기축,부산,금정구,145,100
구서역두산위브포세이돈,구서역두산위브포세이돈,F_기축,부산,수영구,,85
국제금융센터-퀸즈,국제금융센터 퀸즈W,F_기축,부산,남구,256,100
국제마마뉴비치타운,국제마마뉴비치타운,F_기축,부산,영도구,,86
극동스타클래스,극동스타클래스,F_기축,부산,강서구,,82
기장역-엘크루-더퍼스트,기장역 엘크루 더퍼스트,F_기축,부산,기장군,219,100
낙민역-삼정그린코아-더시티,낙민역 삼정그린코아 더시티,F_기축,부산,동래구,142,100
남산누리마을,남산누리마을,F_기축,부산,수영구,,85
남성한빛가든,남성한빛가든,F_기축,부산,사하구,,75
남천-세원-수,남천 세원 수,F_기축,부산,수영구,76,100
남천-우성스마트시티뷰,남천 우성스마트시티뷰,F_기축,부산,수영구,97,95
남천알파타워,남천알파타워,F_기축,부산,수영구,,53
남천자이,남천자이,F_기축,부산,수영구,116,100
남화기수타워,남화기수타워,F_기축,부산,수영구,,66
냉정역-비스타동원,냉정역 비스타동원,F_기축,부산,사상구,120,100
다대동롯데캐슬몰운대,다대동롯데캐슬몰운대,F_기축,부산,사하구,,81
다대롯데캐슬블루,다대롯데캐슬블루,F_기축,부산,사하구,,81
다대푸르지오,다대푸르지오,F_기축,부산,사하구,,81
당리1구역당리푸르지오,당리1구역(당리푸르지오),F_기축,부산,사하구,25,95
당리동1차동원베네스트,당리동1차동원베네스트,F_기축,부산,사하구,,75
당리반도보라맨션,당리반도보라맨션,F_기축,부산,사하구,,81
대연2-재건축,대연2 재건축,F_기축,부산,,449,45
대하덕포23호동,"대하덕포(2,3호동)",F_기축,부산,사상구,,42
더블루원허브,더블루원허브,F_기축,부산,사하구,,90
더샵명지퍼스트월드2단지,더샵명지퍼스트월드2단지,F_기축,부산,강서구,,90
더샵명지퍼스트월드3단지,더샵명지퍼스트월드3단지,F_기축,부산,강서구,,82
더킹페로스아파트,더킹페로스아파트,F_기축,부산,영도구,,90
덕포동벽산블루밍,덕포동벽산블루밍,F_기축,부산,사상구,,90
도경오벨리스,도경오벨리스,F_기축,부산,중구,,80
동래-다솜시티,동래 다솜시티,F_기축,부산,동래구,48,96
동래효산벨뷰,동래효산벨뷰,F_기축,부산,동래구,70,100
동삼동한진로즈힐,동삼동한진로즈힐,F_기축,부산,영도구,,81
동아92-0,동아(92-0),F_기축,부산,중구,,71
동원드림타운,동원드림타운,F_기축,부산,부산진구,,90
동원로얄듀크,동원로얄듀크,F_기축,부산,사하구,,90
동원베네스트2차,동원베네스트2차,F_기축,부산,사하구,,86
동일스위트3차,동일스위트3차,F_기축,부산,기장군,,41
동조신현트레빌,동조신현트레빌,F_기축,부산,사하구,,81
두산위브더제니스-센트럴-양정,두산위브더제니스 센트럴 양정,F_기축,부산,부산진구,244,100
두산위브더제니스하버시티,두산위브더제니스하버시티,F_기축,부산,부산진구,244,92
두산위브범일뉴타운,두산위브범일뉴타운,F_기축,부산,부산진구,244,100
두산위브포세이돈2,두산위브포세이돈2,F_기축,부산,부산진구,244,100
디-에이션-파크-부산,디 에이션 파크 부산,F_기축,부산,부산진구,69,100
래미안장전,래미안장전,F_기축,부산,수영구,,81
레스틴뷰restynv,레스틴뷰(restynv),F_기축,부산,사상구,,80
로얄스카이캐슬,로얄스카이캐슬,F_기축,부산,중구,,81
만덕3휴먼시아,만덕3휴먼시아,F_기축,부산,북구,,51
명례솔터시티,명례솔터시티,F_기축,부산,기장군,,53
명륜2차-사직롯데캐슬-해운대자이2차,"명륜2차, 사직롯데캐슬, 해운대자이2차",F_기축,부산,금정구,140,89
명지1차-금강펜테리움-센트럴파크,명지1차 금강펜테리움 센트럴파크,F_기축,부산,강서구,,90
명지2차금강펜테리움센트럴파크,명지2차금강펜테리움센트럴파크,F_기축,부산,강서구,,88
명지국제신도시삼정그린코아더베스트,명지국제신도시삼정그린코아더베스트,F_기축,부산,강서구,84,100
명지국제신도시호반베르디움1차,명지국제신도시호반베르디움1차,F_기축,부산,강서구,84,91
명지국제신도시호반베르디움2차,명지국제신도시호반베르디움2차,F_기축,부산,강서구,84,100
명지대방노블랜드오션뷰1차,명지대방노블랜드오션뷰1차,F_기축,부산,강서구,,90
명지더웨스턴,명지더웨스턴,F_기축,부산,강서구,,90
명지두산위브포세이돈,명지두산위브포세이돈,F_기축,부산,강서구,,90
명지오션시티한신휴플러스,명지오션시티한신휴플러스,F_기축,부산,강서구,,90
명지협성휴포레,명지협성휴포레,F_기축,부산,강서구,,80
모라동원타운,모라동원타운,F_기축,부산,사상구,,84
모라역베스티움더시티,모라역베스티움더시티,F_기축,부산,사상구,,80
모티더베스트빌,모티더베스트빌,F_기축,부산,부산진구,37,100
목연정m팰리스,목연정M팰리스,F_기축,부산,중구,,55
미소지음주상복합,미소지음주상복합,F_기축,부산,중구,,90
반도보라스카이뷰,반도보라스카이뷰,F_기축,부산,부산진구,,80
반도보라타운,반도보라타운,F_기축,부산,사상구,,81
반여1-1-재개발,반여1-1 재개발,F_기축,부산,,,40
범양레우스센트럴베이,범양레우스센트럴베이,F_기축,부산,부산진구,,82
범일역이즈팰리스,범일역이즈팰리스,F_기축,부산,부산진구,,81
베스안오션뷰,베스안오션뷰,F_기축,부산,부산진구,,88
베스안하우스2차,베스안하우스2차,F_기축,부산,부산진구,,82
벽산블루밍장전디자인시티2단지,벽산블루밍장전디자인시티2단지,F_기축,부산,수영구,,83
벽산신익타운,벽산신익타운,F_기축,부산,사상구,,83
벽산하이츠타운,벽산하이츠타운,F_기축,부산,사하구,,90
보수3차봄여름가을겨울,보수3차봄여름가을겨울,F_기축,부산,중구,,83
보수동봄여름가을겨울,보수동봄여름가을겨울,F_기축,부산,중구,,90
보수에코팰리스,보수에코팰리스,F_기축,부산,중구,,82
보해-썬시티-리버파크,보해 썬시티 리버파크,F_기축,부산,사상구,214,100
부곡늘푸른아파트,부곡늘푸른아파트,F_기축,부산,수영구,,84
부곡동대동다숲,부곡동대동다:숲,F_기축,부산,수영구,,82
부곡동푸르지오,부곡동푸르지오,F_기축,부산,수영구,,90
부곡롯데캐슬디아망,부곡롯데캐슬디아망,F_기축,부산,수영구,,90
부산구평동한신휴플러스,부산구평동한신휴플러스,F_기축,부산,사하구,,90
부산당감1단지-50년공임-예비,부산당감1단지 (50년공임) 예비,F_기축,부산,부산진구,120,100
부산명지중흥s-클래스에듀오션,부산명지중흥S-클래스에듀오션,F_기축,부산,강서구,284,95
부산명지중흥s-클래스프라디움,부산명지중흥S-클래스프라디움,F_기축,부산,강서구,284,89
부산신호윌더하임,부산신호윌더하임,F_기축,부산,강서구,,63
부산역유림로미오,부산역유림로미오,F_기축,부산,부산진구,,82
부산역유림줄리엣,부산역유림줄리엣,F_기축,부산,부산진구,,83
부산오션시티푸르지오,부산오션시티푸르지오,F_기축,부산,영도구,,81
부산항일동미라주더오션1지구,부산항일동미라주더오션(1지구),F_기축,부산,부산진구,,90
부산해운대1단지50년공임예비,부산해운대1단지(50년공임)예비,F_기축,부산,해운대구,60,100
부영벽산블루밍,부영벽산블루밍,F_기축,부산,사하구,,82
부원파크타운,부원파크타운,F_기축,부산,사상구,,82
북항-월드메르디앙-그랑블루,북항 월드메르디앙 그랑블루,F_기축,부산,동구,68,94
비룡벨로스텔라,비룡벨로스텔라,F_기축,부산,사상구,,53
사상강변동원,사상강변동원,F_기축,부산,사상구,,90
사상역-경보센트리안-3차,사상역 경보센트리안 3차,F_기축,부산,사상구,151,96
사상역봄여름가을겨울,사상역봄여름가을겨울,F_기축,부산,사상구,150,100
사상중흥에스-클래스그랜드센트럴,사상중흥에스-클래스그랜드센트럴,F_기축,부산,사상구,952,92
사직-하늘채-리센티아,사직 하늘채 리센티아,F_기축,부산,동래구,109,100
사직-하늘채-리센티아조합원-취소분,사직 하늘채 리센티아(조합원 취소분),F_기축,부산,동래구,9,100
사하-삼정그린코아-더시티,사하 삼정그린코아 더시티,F_기축,부산,사하구,216,93
사하역비스타동원,사하역비스타동원,F_기축,부산,사하구,,90
사하오성빌라맨션,사하오성빌라맨션,F_기축,부산,사하구,,90
사하코오롱하늘채,사하코오롱하늘채,F_기축,부산,사하구,40,100
삼백크라시앙,삼백크라시앙,F_기축,부산,수영구,,90
삼성타워맨션,삼성타워맨션,F_기축,부산,사하구,,81
삼정송림맨션,삼정송림맨션,F_기축,부산,사상구,,90
삼한골든뷰에듀스테이션,삼한골든뷰에듀스테이션,F_기축,부산,수영구,,85
서린엘마르센트로뷰,서린엘마르센트로뷰,F_기축,부산,중구,,90
서면-가화만사성-더-테라스,서면 가화만사성 더 테라스,F_기축,부산,부산진구,158,91
서면-비스타동원,서면 비스타동원,F_기축,부산,부산진구,210,100
서면-스위트엠-골드에비뉴,서면 스위트엠 골드에비뉴,F_기축,부산,부산진구,225,94
서면경남아너스빌엔테로까사,서면경남아너스빌엔테로까사,F_기축,부산,부산진구,80,94
서면베스티움더시티,서면베스티움더시티,F_기축,부산,부산진구,,84
센텀동원2차,센텀동원2차,F_기축,부산,부산진구,,84
센트럴스타힐스,센트럴스타힐스,F_기축,부산,사상구,,90
송도자이르네-디오션,송도자이르네 디오션,F_기축,부산,서구,227,95
수정강변타운,수정강변타운,F_기축,부산,북구,,48
스마트더블유,스마트더블유,F_기축,부산,사하구,,82
시영169-1,시영(169-1),F_기축,부산,영도구,,90
시청역-동원시티비스타,시청역 동원시티비스타,F_기축,부산,연제구,96,91
시청역-삼정그린코아-포레스트,시청역 삼정그린코아 포레스트,F_기축,부산,연제구,61,100
신괴정화신아파트,신괴정화신아파트,F_기축,부산,사하구,,90
신세대지큐빌,신세대지큐빌,F_기축,부산,사하구,,90
신평삼한사랑채,신평삼한사랑채,F_기축,부산,사하구,,90
신평한성임호,신평한성임호,F_기축,부산,사하구,,82
신평협성엠파이어,신평협성엠파이어,F_기축,부산,사하구,,82
신화하니엘-에비뉴힐,신화하니엘 에비뉴힐,F_기축,부산,북구,107,93
쌍용-더-플래티넘-거제아시아드,쌍용 더 플래티넘 거제아시아드,F_기축,부산,연제구,130,94
쌍용-더-플래티넘-사직아시아드,쌍용 더 플래티넘 사직아시아드,F_기축,부산,동래구,13,94
쌍용-더-플래티넘-오시리아,쌍용 더 플래티넘 오시리아,F_기축,부산,기장군,191,96
쌍용-더-플래티넘-해운대,쌍용 더 플래티넘 해운대,F_기축,부산,해운대구,152,100
쌍용스윗닷홈,쌍용스윗닷홈,F_기축,부산,사상구,,90
아르미나아파트,아르미나아파트,F_기축,부산,부산진구,,65
아센시아-더-플러스,아센시아 더 플러스,F_기축,부산,금정구,68,100
아시아드-삼정그린코아-더시티,아시아드 삼정그린코아 더시티,F_기축,부산,동래구,72,93
아틀리에-933,아틀리에 933,F_기축,부산,부산진구,72,96
안락-스위첸,안락 스위첸,F_기축,부산,동래구,220,96
안락skview,안락SKVIEW,F_기축,부산,동래구,,55
엄궁2차한신,엄궁2차한신,F_기축,부산,사상구,,83
에스케이아파트,에스케이아파트,F_기축,부산,수영구,,90
에일린의뜰,에일린의 뜰,F_기축,부산,강서구,,86
엘지신주례1,엘지신주례1,F_기축,부산,사상구,,81
엘지신주례2,엘지신주례2,F_기축,부산,사상구,,89
연산-하늘채-엘센트로,연산 하늘채 엘센트로,F_기축,부산,연제구,172,77
연산더샵,연산더샵,F_기축,부산,연제구,,52
연산포레-서희스타힐스,연산포레 서희스타힐스,F_기축,부산,연제구,105,94
연제-sk-view-central,연제 SK VIEW Central,F_기축,부산,연제구,61,100
영광골든타워,영광골든타워,F_기축,부산,영도구,,82
영도봄여름가을겨울,영도봄여름가을겨울,F_기축,부산,영도구,,90
영도센트럴에일린의뜰,영도센트럴에일린의뜰,F_기축,부산,영도구,,90
온천장역삼정그린코아,온천장역삼정그린코아,F_기축,부산,수영구,,83
온천천경동리인타워,온천천경동리인타워,F_기축,부산,동래구,,52
원우엔리치빌,원우엔리치빌,F_기축,부산,영도구,,75
유림노르웨이숲비치,유림노르웨이숲비치,F_기축,부산,영도구,,83
유림노르웨이아침,유림노르웨이아침,F_기축,부산,수영구,,90
유성해네스타워,유성해네스타워,F_기축,부산,사하구,,83
유원블루파크,유원블루파크,F_기축,부산,영도구,,80
이룸-더-시티,이룸 더 시티,F_기축,부산,동래구,104,100
이안-동래-센트럴시티,이안 동래 센트럴시티,F_기축,부산,동래구,257,100
일성아이앤유,일성아이앤유,F_기축,부산,사하구,,81
일신크리스탈빌라,일신크리스탈빌라,F_기축,부산,수영구,,82
장림3차동원,장림3차동원,F_기축,부산,사하구,,82
장림역베스티움2차,장림역베스티움2차,F_기축,부산,사하구,,90
장림역사하베스티움,장림역사하베스티움,F_기축,부산,사하구,,82
장림윌더하임,장림윌더하임,F_기축,부산,사하구,,84
장림현대60-42,장림현대(60-42),F_기축,부산,사하구,,90
장미773-1,장미(773-1),F_기축,부산,수영구,,81
장전동금정산skview,장전동금정산SKVIEW,F_기축,부산,수영구,,90
장전삼정그린코아더베스트,장전삼정그린코아더베스트,F_기축,부산,수영구,,90
장전서희스타힐스,장전서희스타힐스,F_기축,부산,수영구,,81
재성힐링파크2차,재성힐링파크2차,F_기축,부산,사하구,,90
절영아파트208동-214동,절영아파트(208동-214동),F_기축,부산,영도구,,81
정관롯데캐슬2차,정관롯데캐슬2차,F_기축,부산,기장군,,54
좌천서린엘마르더뷰,좌천서린엘마르더뷰,F_기축,부산,부산진구,,81
좌천시민741-1,좌천시민(741-1),F_기축,부산,부산진구,,83
주례경동리인,주례경동리인,F_기축,부산,사상구,,51
주례롯데캐슬골드스마트,주례롯데캐슬골드스마트,F_기축,부산,사상구,,83
주례제일타워맨션,주례제일타워맨션,F_기축,부산,사상구,,68
중앙하이츠더힐,중앙하이츠더힐,F_기축,부산,사하구,185,100
지사과학삼정그린코아,지사과학삼정그린코아,F_기축,부산,강서구,,84
지사금강펜테리움,지사금강펜테리움,F_기축,부산,강서구,,90
지원더뷰오션2차,지원더뷰오션2차,F_기축,부산,부산진구,,82
지원시티파크,지원시티파크,F_기축,부산,사하구,,52
지음-시그너스-인-동래,지음 시그너스 인 동래,F_기축,부산,동래구,34,100
진흥마제스타워범일,진흥마제스타워범일,F_기축,부산,부산진구,,90
천아하늘정원,천아하늘정원,F_기축,부산,사상구,,90
청룡동-더리체,청룡동 더리체,F_기축,부산,금정구,49,94
청룡동-오펠리움,청룡동 오펠리움,F_기축,부산,금정구,114,100
청학우성스마트시티뷰,청학우성스마트시티뷰,F_기축,부산,영도구,262,100
초량베스티움센트럴베이,초량베스티움센트럴베이,F_기축,부산,부산진구,,90
초량하이츠빌리지,초량하이츠빌리지,F_기축,부산,부산진구,,90
초읍-월드메르디앙-에듀포레,초읍 월드메르디앙 에듀포레,F_기축,부산,부산진구,96,100
충무6차에코팰리스,충무6차에코팰리스,F_기축,부산,서구,,48
코모도에스테이트,코모도에스테이트,F_기축,부산,중구,,80
퀸덤1차링컨타운,퀸덤1차링컨타운,F_기축,부산,강서구,,82
퀸즈이즈카운티,퀸즈이즈카운티,F_기축,부산,동구,268,96
태원더블루원,태원더블루원,F_기축,부산,강서구,,90
테넌바움294,테넌바움294 Ⅰ,F_기축,부산,수영구,192,94
파밀리아괘법4차,파밀리아괘법4차,F_기축,부산,사상구,,51
포레나-부산-덕천,포레나 부산 덕천,F_기축,부산,북구,294,94
하단동에스케이뷰,하단동에스케이뷰,F_기축,부산,사하구,,81
학산코스모빌라,학산코스모빌라,F_기축,부산,수영구,,90
학장동삼정그린코아아파트,학장동삼정그린코아아파트,F_기축,부산,사상구,,80
한일유엔아이,한일유엔아이,F_기축,부산,사상구,,85
한화-포레나-부산덕천-2차,한화 포레나 부산덕천 2차,F_기축,부산,북구,157,94
한화포레나-부산덕천3차,한화포레나 부산덕천3차,F_기축,부산,북구,116,100
해운대-하이루프33,해운대 하이루프33,F_기축,부산,해운대구,44,95
해피투모로우-쥬디원,해피투모로우 쥬디원,F_기축,부산,부산진구,56,94
현대무지개타운,현대무지개타운,F_기축,부산,사상구,,81
협성ds엘리시안,협성·DS엘리시안,F_기축,부산,강서구,,90
협성르네상스,협성르네상스,F_기축,부산,사하구,,89
협성엠파이어101102동,"협성엠파이어(101,102동)",F_기축,부산,수영구,,53
협성휴포레부산진역오션뷰,협성휴포레부산진역오션뷰,F_기축,부산,부산진구,,80
혜광드림팰리스,혜광드림팰리스,F_기축,부산,영도구,,84
힐스테이트-남천역-더퍼스트,힐스테이트 남천역 더퍼스트,F_기축,부산,수영구,217,91
힐스테이트-대연-센트럴,힐스테이트 대연 센트럴,F_기축,부산,남구,144,94
e편한세상-울산역-어반스퀘어,e편한세상 울산역 어반스퀘어,F_기축,울산,울주군,121,100
e편한세상울산온양,e편한세상울산온양,F_기축,울산,울주군,158,100
ktx울산역금아드림팰리스,KTX울산역금아드림팰리스,F_기축,울산,울주군,,90
ktx울산역우성스마트시티뷰,KTX울산역우성스마트시티뷰,F_기축,울산,울주군,,90
u-스타시티일동미라주더스타3단지,U-스타시티일동미라주더스타3단지,F_기축,울산,북구,,50
강변그린빌6-1,강변그린빌(6-1),F_기축,울산,울주군,,90
경동우신알프스타운,경동우신알프스타운,F_기축,울산,울주군,,90
경동청구타운,경동청구타운,F_기축,울산,울주군,,85
경동태원하이빌,경동태원하이빌,F_기축,울산,울주군,,83
구영1차우미린,구영1차우미린,F_기축,울산,울주군,,90
구영2차우미린,구영2차우미린,F_기축,울산,울주군,,90
구영2차푸르지오,구영2차푸르지오,F_기축,울산,울주군,,66
구영강변디아채,구영강변디아채,F_기축,울산,울주군,,90
구영더라이징,구영더라이징,F_기축,울산,울주군,,80
구영지구푸르지오1단지,구영지구푸르지오1단지,F_기축,울산,울주군,,81
구영지구푸르지오2단지,구영지구푸르지오2단지,F_기축,울산,울주군,,83
구영현대아이파크,구영현대아이파크,F_기축,울산,울주군,,81
남울산-노르웨이숲조합원-취소분2회차,남울산 노르웨이숲(조합원 취소분)(2회차),F_기축,울산,울주군,52,51
다운-한양립스-더-퍼스트-하임,다운 한양립스 더 퍼스트 하임,F_기축,울산,중구,140,100
대안ipark,대안IPARK,F_기축,울산,울주군,,83
대진그린피아,대진그린피아,F_기축,울산,울주군,,90
덕하상남지구골드클래스,덕하상남지구골드클래스,F_기축,울산,울주군,,89
덕하한양수자인,덕하한양수자인,F_기축,울산,울주군,,82
동문굿모닝힐,동문굿모닝힐,F_기축,울산,울주군,,83
동호대안맨션,동호대안맨션,F_기축,울산,울주군,,82
문수데시앙1단지,문수데시앙1단지,F_기축,울산,울주군,71,91
문수데시앙2단지,문수데시앙2단지,F_기축,울산,울주군,71,94
문수로-드림파크,문수로 드림파크,F_기축,울산,남구,246,98
문수로-아르티스,문수로 아르티스,F_기축,울산,남구,273,100
문수로대공원-에일린의-뜰,문수로대공원 에일린의 뜰,F_기축,울산,남구,99,92
문수마을수필,문수마을수필,F_기축,울산,울주군,,82
문수산더샵,문수산 더샵,F_기축,울산,울주군,,90
문수산동문굿모닝힐,문수산동문굿모닝힐,F_기축,울산,울주군,,86
문수산동원로얄듀크,문수산동원로얄듀크,F_기축,울산,울주군,,81
문수산신동아파밀리에,문수산신동아파밀리에,F_기축,울산,울주군,,80
문수산푸르지오,문수산푸르지오,F_기축,울산,울주군,,90
문수애시앙1단지,문수애시앙1단지,F_기축,울산,울주군,,85
문수애시앙2단지,문수애시앙2단지,F_기축,울산,울주군,,81
문수애시앙3단지,문수애시앙3단지,F_기축,울산,울주군,,90
번영로-서한이다음-프레스티지,번영로 서한이다음 프레스티지,F_기축,울산,중구,109,99
번영로-센텀파크-에일린의-뜰,번영로 센텀파크 에일린의 뜰,F_기축,울산,남구,184,97
번영로-하늘채-센트럴파크,번영로 하늘채 센트럴파크,F_기축,울산,남구,295,94
범서현대3차,범서현대3차,F_기축,울산,울주군,,87
삼진843-1,삼진(843-1),F_기축,울산,울주군,,82
삼호-비스타동원,삼호 비스타동원,F_기축,울산,남구,108,94
상아해미안1차,상아해미안1차,F_기축,울산,울주군,,82
서울산한신휴플러스,서울산한신휴플러스,F_기축,울산,울주군,,82
세명그린파크,세명그린파크,F_기축,울산,울주군,,66
수산로얄팰리스,수산로얄팰리스,F_기축,울산,울주군,,88
스타골든캐슬아파트,스타골든캐슬아파트,F_기축,울산,울주군,,81
신울산경남아너스빌,신울산경남아너스빌,F_기축,울산,울주군,,90
쌍용하나빌리지,쌍용하나빌리지,F_기축,울산,울주군,,85
양우내안애더퍼스트,양우내안애더퍼스트,F_기축,울산,울주군,,90
언양동부주공,언양동부주공,F_기축,울산,울주군,,84
에일린의뜰2차아파트,에일린의뜰2차아파트,F_기축,울산,중구,,53
영우-트리지움-2차-주상복합-아파트,영우 트리지움 2차 주상복합 아파트,F_기축,울산,중구,32,90
오토밸리-한양립스-포레스트,오토밸리 한양립스 포레스트,F_기축,울산,북구,149,100
온양발리-한양립스-더퍼스트조합원-취소분,온양발리 한양립스 더퍼스트(조합원 취소분),F_기축,울산,울주군,84,100
울산-베스티안,울산 베스티안,F_기축,울산,동구,62,94
울산-온양발리-신일해피트리-더루츠,울산 온양발리 신일해피트리 더루츠,F_기축,울산,울주군,95,94
울산-온양발리-한양립스-더퍼스트,울산 온양발리 한양립스 더퍼스트,F_기축,울산,울주군,119,80
울산교동리슈빌,울산교동리슈빌,F_기축,울산,울주군,,84
울산구영리코아루,울산구영리코아루,F_기축,울산,울주군,,90
울산대현-시티프라디움,울산대현 시티프라디움,F_기축,울산,남구,216,100
울산덕하신일해피트리,울산덕하신일해피트리,F_기축,울산,울주군,672,95
울산블루마시티푸르지오,울산블루마시티푸르지오,F_기축,울산,북구,,50
울산역신도시동문디이스트,울산역신도시동문디이스트,F_기축,울산,울주군,,81
울산온양대우,울산온양대우,F_기축,울산,울주군,119,100
울산온양서희스타힐스,울산온양서희스타힐스,F_기축,울산,울주군,119,100
울산온양일동미라주아파트,울산온양일동미라주아파트,F_기축,울산,울주군,119,100
율동지구-한신더휴-1블록,율동지구 한신더휴 B1블록,F_기축,울산,북구,239,89
율동지구-한신더휴-c2블록,율동지구 한신더휴 C2블록,F_기축,울산,울산광역시,407,61
이화한라동아,이화한라동아,F_기축,울산,북구,,52
일신파크맨션,일신파크맨션,F_기축,울산,울주군,,82
장검한라아트빌,장검한라아트빌,F_기축,울산,울주군,,90
진우훼밀리아,진우훼밀리아,F_기축,울산,울주군,,66
천상국태그린빌,천상국태그린빌,F_기축,울산,울주군,,90
청구천상그린타운1차,청구(천상그린타운)1차,F_기축,울산,울주군,,90
청구천상그린타운2차,청구(천상그린타운)2차,F_기축,울산,울주군,,90
태봉파크맨션,태봉파크맨션,F_기축,울산,울주군,,82
태화강-유보라-팰라티움,태화강 유보라 팰라티움,F_기축,울산,중구,122,100
태화강-유보라-팰라티움조합원-취소분,태화강 유보라 팰라티움(조합원 취소분),F_기축,울산,중구,33,90
태화강-유블레스-센트럴파크,태화강 유블레스 센트럴파크,F_기축,울산,중구,136,100
학성동-동남하이빌아파트,학성동 동남하이빌아파트,F_기축,울산,중구,69,100
한라그린피스,한라그린피스,F_기축,울산,울주군,,82
한신더휴에듀포레2단지,한신더휴에듀포레2단지,F_기축,울산,북구,,51
현대패밀리명덕2,현대패밀리명덕2,F_기축,울산,동구,,56
호반베르디움,호반베르디움,F_기축,울산,울주군,,90
